:020000040800F2
:100000000023002049010008C51B0008C71B000889
:10001000C91B0008CB1B0008CD1B00080000000016
:10002000000000000000000000000000CF1B0008DE
:10003000D11B000800000000D31B0008D51B0008DE
:100040006301000863010008630100086301000800
:1000500063010008630100086301000863010008F0
:1000600063010008630100086301000863010008E0
:1000700063010008630100086301000863010008D0
:1000800063010008630100086301000863010008C0
:1000900063010008630100086301000863010008B0
:1000A000630100087563000863010008EF6200083F
:1000B0007F61000863010008A72C000863010008A5
:1000C0006301000863010008630100086301000880
:1000D00063010008F5340008630100083552000888
:1000E0006301000863010008630100086301000860
:1000F000BF2C0008630100086301000863010008C9
:10010000630100086301000845430008630100081B
:10011000AF350008FB5B00086301000863010008BD
:10012000630100086301000863010008630100081F
:10013000DFF810D00AF02CF800480047C11A000878
:10014000AFF30080002300200648804706480047A0
:10015000FEE7FEE7FEE7FEE7FEE7FEE7FEE7FEE777
:10016000FEE7FEE70D020008310100080CB5002291
:100170004C4800920192016841F4803101604FF4D3
:10018000A063016801F4003101910099491C0091BC
:10019000019911B900999942F3D10168890333D5C6
:1001A0000121019140490A6842F010020A600A6880
:1001B00022F003020A600A6842F002020A60416803
:1001C000416041684160416841F48061416041683B
:1001D00021F47C114160416841F4E81141600168FB
:1001E00041F08071016001688901FCD5416821F00E
:1001F00003014160416841F0020141604168C1F37F
:1002000081010229FAD10CBD01920CBD254810B51F
:10021000016841F0010101604168244A11404160D8
:100220000168234A11400160016821F480210160C6
:10023000416821F4FE0141604FF41F018160FFF726
:1002400095FF1C494FF00060086010BD154A10B5BD
:100250005068194B10F00C01184803D0042901D044
:10026000082901D0036012E05168536801F470114D
:100270004FF0020413F4803F04EB914102D0536825
:100280009B0301D50E4B00E00B4B594301605168B5
:100290000A4AC1F30311121D515C0268CA40026090
:1002A00010BD000000100240002002400000FFF8D6
:1002B000FFFFF6FE08ED00E000127A0000000020CB
:1002C00000093D002849084328490860704730B5B7
:1002D0000F23C27801780125F2B1244A126801F196
:1002E000E02102F4E062C2F5E062120AC2F1040405
:1002F000D3404278A24084781C401443220181F804
:100300000024007800F01F018D404009800000F1BA
:10031000E020C0F8005130BD01F01F0085404809C1
:10032000800000F1E020C0F8805130BD104A11403B
:1003300001430E48001F016070470C4A121D00293E
:10034000116801D0014300E08143116070474FF014
:10035000E0210428086903D020F0040008617047F8
:1003600040F00400FAE700000000FA050CED00E0A0
:1003700080FFFF1FC54910B5884202D101214415F5
:100380000AE0C349884202D10121041504E0C149B1
:1003900088420AD10121CC03204600F048FC2046C7
:1003A000BDE81040002100F042BC10BD10B542680D
:1003B000B94B0C791A400B6842EA0422134343609C
:1003C0008268B64B1A40D1E9024323434C7942EA92
:1003D000440213438360C26A097C22F47002491EFE
:1003E000C9B242EA0151C16210BD00210160017130
:1003F00041718160C16001210174704700298168E9
:1004000002D041F0010101E021F00101816070475B
:100410000029816802D041F4807101E021F48071EB
:1004200081607047002A4268C9B201D00A4300E0E7
:100430008A4342607047816841F0080181607047DB
:10044000014600208968090700D5012070478168AE
:1004500041F0040181607047014600208968490726
:1004600000D5012070470029816802D041F4A00125
:1004700001E021F4A00181607047014600208968F5
:10048000490200D5012070474268491E22F46042AB
:1004900042EA4131416070470029416802D041F48D
:1004A000006101E021F400614160704770B50726EA
:1004B00009290AD9C568A1F10A0404EB4404A6403D
:1004C000B543A3401D43C56007E0056901EB410446
:1004D000A640B543A3401D4305611F23072A09D247
:1004E000446B521E02EB820293409C4391400C43AA
:1004F000446370BD0D2A09D2046BD21F02EB820245
:1005000093409C4391400C43046370BDC46A0D3A10
:1005100002EB820293409C4391400C43C46270BD45
:100520000029816802D041F4801101E021F480119A
:1005300081607047C06C80B2704754484C3000688E
:1005400070470029416802D041F4806101E021F444
:100550008061416070470029416802D041F48051B8
:1005600001E021F4805141607047826822F4E0424A
:100570000A43826070470029816802D041F400413B
:1005800001E021F40041816070470029816802D0B8
:1005900041F4021101E021F402118160704701462B
:1005A00000208968890200D50120704770B50726B0
:1005B00009290AD9C568A1F10A0404EB4404A6403C
:1005C000B543A3401D43C56007E0056901EB410445
:1005D000A640B543A3401D430561836BC3F301549B
:1005E000121B921C02EB82021F249440A3439140F1
:1005F0000B43836370BD826B491E22F4401242EAB2
:1006000001518163704708B508440090026008BD3D
:1006100008B5084428300090006880B208BD4268E0
:100620001F4B1A400A434260704741628262704722
:10063000426822F01F020A434260704713490831A2
:100640000028086802D040F4000001E020F4000017
:10065000086070470246002012680A4200D001205C
:100660007047C9430160704710B5024600205468C6
:100670000B0AC9B20C401168194202D0002C00D0FC
:10068000012010BD6FEA1121016070470024014074
:1006900000280140003C0140FFFEF0FFFDF7F1FFA4
:1006A000FFFD3FFF374900200860091D0860091D54
:1006B0000860091D086033493348143108607047E9
:1006C00030B5304A8379016853B313688B431360A4
:1006D000111D0B680468A3430B60017911440B687A
:1006E000046823430B60274B083319680468A1434F
:1006F00019601C1D21680568A943216041791029F2
:1007000005D011440A68006802430A6030BD1968C8
:10071000026811431960216800680143216030BDFF
:100720000079104402688A43026030BD00210160F4
:1007300001710C22427181717047124910310A68AF
:1007400002430A60704701460E4A002014321268C4
:100750000A4200D0012070470A49143108607047EE
:10076000084A014600201268064B0A4014331B68F1
:100770000B4202D0002A00D00120704701491431F9
:100780000860704700040140FFFF0F008F4910B55B
:10079000884206D10121042000F049FA00210420FA
:1007A0003BE08B49884206D10121082000F03FFA46
:1007B0000021082031E08749884206D1012110201C
:1007C00000F035FA0021102027E08349884206D145
:1007D0000121202000F02BFA002120201DE07F497C
:1007E000884206D10121402000F021FA002140205A
:1007F00013E07B49884206D10121802000F017FADE
:100800000021802009E0774988420AD1841501211E
:10081000204600F00CFA00212046BDE8104000F010
:1008200006BA10BD10B50121084600F000FA0021FB
:10083000BDE81040012000F0FAB9F0B5CC780022F4
:1008400004F00F03E40601D58C7823430C784FF0B5
:100850000F0C14F0FF0F4FF0010E1BD005680E882F
:100860000EFA02F42640A64210D196000CFA06F7C2
:1008700025EA070703FA06F5CE783D43282E02D075
:10088000482E02D002E0446100E00461521C082AB4
:10089000E5D305600A88FF2A1CD94468002202F1CA
:1008A00008060EFA06F50E882E40AE420ED19600CE
:1008B0000CFA06F7BC4303FA06F7CE783C43282E21
:1008C00000D14561CE78482E00D10561521C082A1E
:1008D000E5D34460F0BD4FF6FF71018002218170C5
:1008E0000421C17070470246002092680A4200D07D
:1008F00001207047806880B2704702460020D268AD
:100900000A4200D001207047C06880B27047016180
:100910007047416170470AB101617047416170479A
:10092000C160704741F48032826181618261816976
:10093000806970472C4B10B51A684FF680742240BE
:1009400042EA00100843186010BD2849C86170478A
:10095000F0B5254C002801DAE36900E06368450D35
:100960002E0185B2C0F30157B540C0F30342032FF7
:1009700005D0C6020AD503269640B34307E023F00C
:100980007062636823F07063636002E0AB4343F01E
:10099000706201B12A43002801DAE261F0BD6260B1
:1009A000F0BD10B58A0721F003040F49120F21444E
:1009B0000F238C6893409C438C608B68904003436A
:1009C0008B6010BD0949C1F8DC0070470008014088
:1009D000000C0140001001400014014000180140CB
:1009E000001C0140002001400000014000002042A6
:1009F000A548016841F0010101604168A34A114026
:100A000041600168A24A11400160016821F480211F
:100A10000160416821F4FE0141604FF41F018160D3
:100A2000704799490A6822F480320A600A6822F401
:100A300080220A60B0F5803F07D0B0F5802F03D147
:100A4000086840F4A02008607047086840F48030CF
:100A5000F9E70346002059098B4A01290AD00229E7
:100A60000AD0516A03F01F02012393400B4200D0C9
:100A7000012070471168F5E7116AF3E718B5002007
:100A80004FF4A06400903120FFF7E3FF0099491C68
:100A90000091A14201D00028F5D03120FFF7D9FF05
:100AA000002800D0012018BD774A116821F0F80114
:100AB00041EAC00010607047764908607047724B89
:100AC0005A68084322F47C121043586070477149F9
:100AD000086670476C4A516821F003010143516078
:100AE00070476948406800F00C007047664A5168DA
:100AF00021F0F001014351607047634A516821F4CD
:100B0000E0610143516070475F4A516821F46051D0
:100B100041EAC000506070475B4A0029517A01D019
:100B2000014300E08143517270475A49C1F8D8002F
:100B30007047554A516821F4404101435160704764
:100B40005149002281F8202081F82020012802D07C
:100B5000042802D1052081F8200070474E49086022
:100B6000704749490A6A02430A6270474A49443950
:100B70000860704730B5444A5168484B11F00C0189
:100B800003D0042901D0082901D0036012E0516884
:100B9000536801F470114FF0020413F4803F04EB2A
:100BA000914102D053689B0301D53D4B00E03B4B84
:100BB0005943016051680F2303EA1111394B5C5C02
:100BC0000168E14041605468072505EA14241C5D72
:100BD00021FA04F48460546805EAD4241B5DD940EA
:100BE000C1605268032303EA92322E4B1B1F9A5CAA
:100BF000B1FBF2F1016130BD234A0029516901D0F6
:100C0000014300E08143516170471F4A0029916907
:100C100001D0014300E08143916170471A4A0029E5
:100C2000D16901D0014300E08143D1617047164A88
:100C30000029D16801D0014300E08143D1607047B1
:100C4000114A0029116901D0014300E0814311617B
:100C5000704711494039086070470E49C8647047B1
:100C60000949C87170470848416A41F08071416282
:100C70007047054A0146002092680A4200D00120D0
:100C80007047014988727047001002400000FFF869
:100C9000FFFFF6FE000042428004424200127A004A
:100CA00000093D0018000020F94910B5884202D122
:100CB0000121C41486E0B0F1804F09D0F549884283
:100CC0000DD101210220FFF7BBFF0021022064E0CB
:100CD00001210846FFF7B4FF002101205DE0EE4945
:100CE000884206D101210420FFF7AAFF0021042039
:100CF00053E0EA49884206D101210820FFF7A0FF0E
:100D00000021082049E0E649884206D1012110204F
:100D1000FFF796FF002110203FE0E249884206D10C
:100D200001212020FFF78CFF0021202035E0DE4943
:100D3000884202D10121441444E0DC49884202D1B6
:100D40000121CC043EE0DA49884202D101210C05A0
:100D500038E0D849884202D101214C0532E0D64919
:100D6000884206D101214020FFF76AFF0021402080
:100D700013E0D249884206D101218020FFF760FFAD
:100D80000021802009E0CE4988420AD18415012142
:100D90002046FFF755FF00212046BDE81040FFF731
:100DA0004FBFC849884202D101210C040AE0C6495C
:100DB000884202D101214C0404E0C44988420AD18E
:100DC00001218C042046FFF732FF2046BDE8104089
:100DD0000021FFF72CBF10BD30B50288AC4CB24DDE
:100DE000A0420DD0A8420BD0B0F1804F08D0A94B43
:100DF000984205D0A84B984202D0A84B984203D104
:100E000022F070034A881A43A54B984206D0A54B9E
:100E1000984203D022F44073CA881A4302808A8819
:100E200082850A880285A0420AD0A84208D0A54A35
:100E3000904205D0A44A904202D0A44A904201D1E7
:100E4000097A01860121818230BD30B5028C22F001
:100E500001020284028C8388048B22F0020224F0B7
:100E600073050C882C430D8915434A882A43884D05
:100E7000A8420BD08C4DA84208D0924DA84205D074
:100E8000914DA84202D0914DA8420DD122F0080503
:100E90004A8923F440732A4322F004058A882A43AE
:100EA0008D891D43CB892B4383800483C988818628
:100EB000028430BD70B5028C22F010020284028CD4
:100EC0008388048B0D8824F4E6464FF6FF7404EA09
:100ED000052535430E8922F0200204EA0616164342
:100EE0004A8804EA02123243694EB04202D06E4E82
:100EF000B04215D122F080064A8923F4406304EA07
:100F00000212324322F040068A8804EA0212324377
:100F10008E8904EA86061E43CB8904EA83033343A1
:100F200083800583C9880187028470BD70B5028CF7
:100F300022F480720284028C8388848B0D8824F0D2
:100F4000730425430E894FF6FF7422F4007204EAFD
:100F5000062616434A8804EA022232434C4EB04227
:100F600002D0514EB04215D122F400664A8923F4D2
:100F7000405304EA0222324322F480668A8804EA5B
:100F8000022232438E8904EA06161E43CB8904EA04
:100F90000313334383808583C9888187028470BDAE
:100FA00070B5028C22F480520284058C8288838B77
:100FB0000C8823F4E6464FF6FF7303EA0424344317
:100FC00025F400560D8903EA053535434E8803EABA
:100FD00006362E432E4DA84202D0334DA84205D1ED
:100FE00022F480458A8903EA82122A43828084831C
:100FF000C988A0F84010068470BD828B22F440623C
:101000008283828B4FF6FF7303EA01210A438283B6
:101010007047828B22F00C028283828B0A43828388
:101020007047028B22F440620283028B4FF6FF73FB
:1010300003EA01210A4302837047F0B5048C24F0CF
:1010400010040484078B048C4FF6FF7527F4734754
:1010500005EA03333B4305EA02221A430C4B05EA37
:10106000011698420ED0104B98420BD0B0F1804F31
:1010700008D0084B984205D0074B984202D0074B46
:10108000984225D124F02001314341F0100124E0A1
:10109000002C01400004004000080040000C00400B
:1010A000001000400014004000340140004C01409A
:1010B000005001400054014000180040001C004056
:1010C0000020004000400140004401400048014031
:1010D00024F0A0030B4343F0100102830184F0BD10
:1010E000028B22F00C020283028B0A4302837047B8
:1010F00070B5048C24F001040484058B048C4FF635
:10110000FF7606EA0313134325F0F305F84A2B4351
:1011100090420ED0F74A90420BD0B0F1804F08D0E9
:10112000F54A904205D0F54A904202D0F44A9042E6
:1011300002D124F0020201E024F00A020A4342F044
:1011400001010383018470BD2DE9F84F0D4604466B
:101150000888E74FDFF89CC3DFF89C83DFF89C9397
:101160004988AA882B894FF0804A48B304282FD099
:101170004FF6FF760828934632D0208C9E4620F406
:1011800080502084A38B208C06EA0132009223F445
:10119000734306EA0B221A4306EA0E331343BC429A
:1011A0000AD0644508D0544506D0444504D04C4587
:1011B00002D0D34A944242D120F40050009940E03A
:1011C0002046FFF795FFE9882046BDE8F84F87E7FE
:1011D0002046FFF732FFE9882046BDE8F84F20E7B8
:1011E000208C20F480702084B4F81CE0208C06EA67
:1011F000031306EA01222EF0F30E43EA0B0343EA3F
:101200000E030092BC420AD0644508D0544506D073
:10121000444504D04C4502D0B94A944203D120F44D
:101220000070009901E020F42060084340F48070D1
:10123000A3832084E9882046BDE8F84FE9E620F43E
:101240000240084340F48050A3832084E98820466C
:10125000BDE8F84FD1E62DE9F0410C46002649885B
:101260000746012501B90226A288012A00D10225DC
:10127000208823890028384610D0FFF7DEFEE18859
:101280003846FFF7CEFE23892A4631463846FFF717
:101290002FFFE1883846BDE8F04121E7FFF728FF3E
:1012A000E1883846FFF71CFF23892A463146384635
:1012B000FFF7C3FEE1883846BDE8F041B1E610B55E
:1012C0000A884B88CC881A438B8823431A430B899E
:1012D0001A434B8989891A430A43A0F8442010BD58
:1012E0004FF6FF71818000210180C1804180017231
:1012F00070470021018041808180C180018141814E
:101300008181C1817047002101804180012282805A
:10131000C180018170470021018041808180C180AE
:1013200001814181818170470029018802D041F00B
:10133000010101E021F0010101807047002930F82E
:10134000441F02D041F4004101E0C1F30E010180CD
:101350007047002A828901D00A4300E08A438281D3
:101360007047818270471143A0F848107047002AE7
:10137000828901D00A4300E08A4382817047018953
:1013800021F0070101817047028922F070020A43AF
:101390000281704700B50346FFF7F6FF188940F059
:1013A0000700188100BD70B516460D466029044639
:1013B0004FF0010231460AD0FFF79AFE2946204637
:1013C000FFF7E2FF208940F00700208170BDFFF7A2
:1013D00034FEF3E730B504894FF6FF7505EA0323C1
:1013E0001343E4B20B432343038130BD10B50446DD
:1013F000FFF7F0FF208940F07700208110BD10B585
:101400000446FFF7E7FF208940F48040208110BDAB
:10141000018582827047028822F070020A430280AE
:10142000704770B50589048B068C25F007050D43C0
:101430004FF6FC410C4040F201110C434FF6FF7196
:1014400001EA031126F0220611433143058104838A
:10145000018470BD028B22F070020A430283704740
:10146000028B4FF6FF7322F4E04203EA012111439D
:1014700001837047828B22F070020A438283704797
:10148000828B4FF6FF7322F4E04203EA01211143FD
:10149000818370470029018802D041F0800101E07A
:1014A00021F08001018070470029818802D041F03D
:1014B000040101E021F00401818070470029818846
:1014C00002D041F0080101E021F00801818070475D
:1014D0000029818802D041F0010101E021F00101E1
:1014E00081807047028B22F008020A430283704712
:1014F000002C01400034014000040040000800407E
:10150000000C0040028B4FF6FF7322F4006203EAE6
:10151000012111430183EAE7828B22F008020A438A
:101520008283E4E7828B4FF6FF7322F4006203EAC2
:10153000012111438183DAE7028B22F004020A437E
:101540000283D4E7028B4FF6FF7322F4806203EA32
:10155000012111430183CAE7828B22F004020A436E
:101560008283C4E7828B4FF6FF7322F4806203EA22
:10157000012111438183BAE7028B22F080020A43E2
:101580000283B4E7028B4FF6FF73C2F30E0203EA45
:10159000012111430183AAE7828B22F080020A43D2
:1015A0008283A4E7828B4FF6FF73C2F30E0203EA35
:1015B0000121114381839AE7028C22F002020A433F
:1015C000028494E7028C22F008020A4302848EE728
:1015D000028C4FF6FF7322F0200203EA011111433F
:1015E000018484E7028C4FF6FF7322F0800203EA45
:1015F0000111114301847AE7028C4FF6FF7322F444
:10160000007203EA01211143018470E7028C4FF656
:10161000FF7322F4006203EA01211143018466E7AB
:10162000028C4FF6FF7322F4005203EA013111439A
:1016300001845CE710B50123048C8B409C43048437
:10164000038C8A401343038410BD10B50423048C1B
:101650008B409C430484038C8A401343038410BD55
:1016600030B50124058C00F118038C40A543058496
:1016700089B108290FD0091FC1F34E001844016831
:1016800021F4E041016001684FF6FF7303EA022292
:101690001143016030BD03EB5100016821F070017E
:1016A00001600168F4E70029018802D041F00201DD
:1016B00001E021F00201018019E70029018802D030
:1016C00041F0040101E021F0040101800FE700294D
:1016D000818802D041F0800101E021F08001818009
:1016E00005E7028822F00802028002880A4302808D
:1016F000FDE6828822F07002828082880A4382801E
:10170000F5E6028922F00702028102890A4302817A
:10171000EDE6028922F08002028102890A430281F9
:10172000E5E68184E3E68185E1E68186DFE60187FF
:10173000DDE68187DBE6A0F84010D8E6028822F4D7
:101740004072028002880A430280D0E6808ECEE694
:10175000008FCCE6808FCAE6B0F84000C7E6808CE8
:10176000C5E6008DC3E602460020128A0A4200D078
:101770000120BCE6C9430182B9E602460020138A73
:1017800092890B4202EA010202D0002A00D0012015
:10179000ADE6C9430182AAE6C44910B588420AD120
:1017A00001218C032046FFF742FA2046BDE8104095
:1017B0000021FFF73CBABE49884202D101214C0406
:1017C00010E0BC49884202D101218C040AE0BA49E8
:1017D000884202D10121CC0404E0B84988420AD1F0
:1017E00001210C052046FFF72BFA2046BDE81040EA
:1017F0000021FFF725BA10BD30B50446008A85B038
:101800000D464CF6FF710840E98801432182A0890A
:101810004EF6F3110840A9882A8911436A890243C8
:101820001143A181A08A4FF6FF410840A9890143D5
:10183000A1826846FFF79EF99C48844201D1039833
:1018400000E00298A189090400EBC00101EB00103F
:10185000296801D5490000E08900B0FBF1F064225D
:10186000B0FBF2F109010B096FF018056B4300EBB7
:101870008300A3891D044FF0320306D503EBC0009B
:10188000B0FBF2F000F0070005E003EB0010B0FB46
:10189000F2F000F00F000843208105B030BD4FF496
:1018A0001651016000218180C18001810C2242819A
:1018B0008181704710B5028A4FF2FF031A400B88EE
:1018C0004C8823438C88C9880C43234313430382E9
:1018D00010BD0021018041808180C18070470029B6
:1018E000818902D041F4005101E021F4005181814D
:1018F000704710B5C1F3421301F01F040121A1404C
:10190000012B07D0022B07D01430002A026805D023
:101910000A4304E00C30F8E71030F6E78A4302602F
:1019200010BD002A828A01D00A4300E08A438282E5
:101930007047028A22F00F020282028A0A43028260
:101940007047828922F40062828182890A438281FF
:1019500070470029818902D041F0020101E021F0A5
:10196000020181817047028A22F020020282028AEB
:101970000A43028270470029018A02D041F4804163
:1019800001E021F4804101827047C1F308018180A8
:1019900070478088C0F308007047818941F00101D9
:1019A00081817047028BD2B20283028B42EA01210D
:1019B00001837047028B02F47F420283028B0A4349
:1019C000028370470029818A02D041F0200101E0A2
:1019D00021F02001818270470029818A02D041F0E4
:1019E000100101E021F01001818270470029818AF5
:1019F00002D041F0080101E021F008018182704726
:101A00000029818902D041F4004101E0C1F30E01B7
:101A1000818170470029818A02D041F4006101E090
:101A200021F4006181827047828A22F0040282825E
:101A3000828A0A43828270470029818A02D041F05B
:101A4000020101E021F0020181827047024600207C
:101A500012880A4200D001207047C94301807047B4
:101A600070B501F01F0501260024C1F3421306FAE8
:101A700005F2012B0FD0022B0FD0838A4FEA1121E0
:101A80000088134206FA01F600EA060001D000B110
:101A90000124204670BD8389F0E7038AEEE70A0A35
:101AA00001219140C9430180704700000038014086
:101AB0000044004000480040004C004000500040FE
:101AC000002425464FF4A060FEF7FCFB022000F046
:101AD00083F8012000F080F800F0AAF900F0C8F8BF
:101AE00000F089F800F057FF01F0B9F841F61F4700
:101AF0000021384600F0A6FC00F046FA00F094FA07
:101B000000F0E1FA00F02EFB01F0F0F801F0CEFA5F
:101B100000F031FD00F01CFD47214FF6FF7004F08E
:101B2000B4FA07F08EFC03F0EFFA23484FF40046B6
:101B30000660C82000F005FA1F48001D06601F4E11
:101B4000F078012804D1472142F20F7000F07CFCAC
:101B500002F085FC3121384600F097FB4FF0050973
:101B60000827DFF85C804FF0000A4FF0010B03F00C
:101B7000CBFA30780028404613D0076101F0A4FA70
:101B800002F02FFD03F027FA00F01FFD6D1CEDB2EF
:101B90000444052D08D1B4FBF9F00025B0802C4693
:101BA00002E0476103F087FA86F802B086F801A0E8
:101BB000B0780028FCD1DAE7100801402C000020A2
:101BC000001001407047FEE7FEE7FEE7FEE77047C2
:101BD0007047704700F095B941062148826942F08C
:101BE000010282611F48426822F0E062426042685E
:101BF0000A434260704738B50220FFF7EDFF01202D
:101C0000FFF7EAFF01210420FEF7FFFF4FF4004435
:101C1000ADF8004010208DF803000220124D8DF821
:101C2000020069462846FEF708FE21462846FEF7D0
:101C300070FE38BD70B10D4A1168491C11608142B7
:101C400007DB09480C30016881F400410160002085
:101C50001060704704494FF4004014310860704729
:101C60000010024000000140000801405400002024
:101C700038B501211420FEF7C8FF0120ADF800009F
:101C800004248DF8034069465E48FEF7D6FDE00265
:101C9000ADF800008DF8034069465B48FEF7CDFDC6
:101CA00038BD70B50C460546FEF71DFE012801D073
:101CB000002070BD21462846FEF715FE0128F9D008
:101CC000012070BD70B5514C00254E482178062981
:101CD0004FD2DFE801F003091A2333420121FEF756
:101CE00002FE012816D044E06188491C89B2618057
:101CF00005293ED10121FEF7F6FD012802D06580BD
:101D0000257036E02078401C13E00121FEF7EBFD42
:101D100001282BD02078401C20702AE06088B0F584
:101D2000C87F03D925706580022070BD052803D9BE
:101D30000420207065801CE02570FBE76188491C49
:101D400089B26180262914D10121FEF7CCFD01283A
:101D5000D8D025706580012070BD0121FEF7C3FD3C
:101D6000012803D065802570032070BD6088401C69
:101D70006080002070BD70B5FFF7A4FF24490128E2
:101D800014D0022833D0032829D10878042826D17A
:101D90002049087888B30020087000281FD1BDE8CA
:101DA000704040F624111C4807F06EBD0878401CB6
:101DB000C0B20870042813D0124D4FF400441435FB
:101DC000052811D006280AD10020087013490860A0
:101DD0001349086013494860134948602C6070BD7E
:101DE000BDE8704004F0ECBA04F00FFBF6E70F49D1
:101DF000087818B10020087070BD01E00120FAE7F2
:101E00000120C9E7000801400010014058000020EF
:101E1000A4000020EC000020D2120020C40000200A
:101E2000C000002070080020600800202C00002066
:101E300038B501211020FEF7E8FE0420ADF80000BF
:101E400010208DF803000220144C8DF80200694622
:101E50002046FEF7F2FC0821ADF800106946204646
:101E6000FEF7EBFC04212046FEF751FD0821204639
:101E7000FEF74DFD38BD094A60B1094B1968491C90
:101E80001960814205DBD06880F00400D06000203A
:101E90001860704704201061704700000010014076
:101EA0005C000020B0F1807F01D30120704720F05A
:101EB0007F414FF0E020491E41612E4AF02182F817
:101EC000141D0021816107210161002070472A480B
:101ED00010B500682949B0FBF1F0FFF7E3FF0028D7
:101EE00000D0FEE710BD01B52548009901604FF014
:101EF000E0210A6942F001020A6101680029FCD16F
:101F000008BD1F480168002902D00168491E016010
:101F1000704701B5184801681A48B1FBF0F0FFF7A7
:101F2000C1FF00204FF0E02103E00A69D203FCD595
:101F3000401C009A9042F8D3086920F00100086123
:101F400008BD01B50C4801684FF47A70B1FBF0F0A0
:101F5000FFF7A8FF00204FF0E02103E00A69D20359
:101F6000FCD5401C009A9042F8D3086920F001008B
:101F7000086108BD0FE000E000000020A08601001D
:101F80006000002040420F0010B586B001210420FF
:101F9000FEF73BFE01218803FEF737FE4FF4007089
:101FA000ADF8100018208DF813000320A84C8DF810
:101FB000120004A92046FEF740FC2115ADF81010D0
:101FC00048218DF8131004A92046FEF736FC252081
:101FD0008DF8140001208DF815008DF816008DF88D
:101FE000170005A8FEF773F94FF4E13000900020C8
:101FF000ADF80400ADF80600ADF80800ADF80C002F
:102000000C20944CADF80A0069462046FFF7F4FB1B
:10201000012240F225512046FFF76BFC01212046AA
:10202000FFF75DFC06B010BD10B586B00121082099
:10203000FEF7EBFD01218804FEF7F0FD4FF4806010
:10204000ADF8100018208DF813000320824C8DF895
:10205000120004A92046FEF7F0FBE114ADF81010C1
:1020600004218DF8131004A92046FEF7E6FB272073
:102070008DF8140001208DF815008DF816008DF8EC
:10208000170005A8FEF723F94FF416500090002022
:10209000ADF80400ADF80600ADF80800ADF80C008E
:1020A0000C206E4CADF80A0069462046FFF7A4FBF1
:1020B000012240F225512046FFF71BFC012120465A
:1020C000FFF70DFCAEE710B5654C86B02046FFF774
:1020D00063FB01213020FEF798FD01210805FEF782
:1020E0009DFDA014ADF8100018208DF813000320FA
:1020F0008DF8120004A95B48FEF79FFB0421ADF8A0
:1021000010108DF8131004A95748FEF796FB3520E0
:102110008DF8140001218DF815108DF816108DF82A
:10212000171005A8FEF7D3F800214FF4E130009016
:10213000ADF80810ADF804100C20ADF80610ADF89D
:102140000C10ADF80A0069462046FFF755FB012246
:1021500040F225512046FFF7CCFB01212046FFF736
:10216000BEFB5FE710B586B001211020FEF74DFDE4
:102170000121C804FEF752FD4FF48060ADF8100055
:1021800018208DF813000320364C8DF8120004A996
:102190002046FEF752FBE114ADF8101048218DF8EF
:1021A000131004A92046FEF748FB34208DF81400D4
:1021B00001208DF815008DF816008DF8170005A880
:1021C000FEF785F84FF4E13000900020ADF80400F0
:1021D000ADF80600ADF80800ADF80C000C20234C5B
:1021E000ADF80A0069462046FFF706FB012240F2DF
:1021F00025512046FFF77DFB01212046FFF76FFBAD
:1022000010E770B504461A48007860B1134D80217C
:102210002846FFF71BFC0028F9D0E1B22846FFF75B
:10222000B4FB204670BD0B4D80212846FFF70EFC05
:102230000028F9D0F1E710B5064C20212046FFF721
:1022400005FC0028F9D02046BDE81040FFF7A1BBEF
:102250000008014000380140000C014000480040E7
:10226000005000400010014000140140004C0040AC
:102270002C00002070B50C46054600F037F82146CA
:102280002846BDE8704000F073B87FB504463220A0
:102290008DF80C0002208DF80D0001228DF80E2023
:1022A0000D468DF80F2003A8FEF711F80121082034
:1022B000FEF7B4FCADF804400020ADF800505D4CD2
:1022C000ADF80200ADF8060069462046FEF784FD31
:1022D00001212046FFF74EFA012211462046FFF762
:1022E00038F801212046FFF71FF87FBDF8B501211E
:1022F0000420FEF78AFC4020ADF8000018254E4E61
:102300008DF8035003248DF8024069463046FEF7ED
:1023100094FA01210420FEF778FC8020ADF800003B
:102320008DF803508DF8024069463046FEF785FA75
:1023300001210820FEF769FC0120ADF800003F4EA6
:102340008DF803508DF8024069463046FEF775FA65
:1023500001210820FEF759FC0220ADF800008DF89D
:1023600003508DF8024069463046FEF766FAF8BD24
:10237000F0B50D46044687B001210220FEF74EFC61
:10238000ADF8144000242E4FADF81050ADF81240B7
:10239000ADF8164004A93846FEF71EFD6025ADF8DD
:1023A00000500126ADF80260ADF80640ADF80840D7
:1023B00069463846FEF749FDADF80050ADF80260B9
:1023C000ADF80640ADF8084069463846FEF772FDA4
:1023D000ADF80050ADF80260ADF80640ADF8084029
:1023E00069463846FEF7A2FDADF80050ADF8026030
:1023F000ADF80640ADF8084069463846FEF7D0FD16
:1024000008213846FFF76EF808213846FFF77AF8BA
:1024100008213846FFF780F808213846FFF782F890
:1024200001213846FFF736F801213846FEF77CFFD8
:1024300007B0F0BD000C004000080140000C014056
:1024400000040040FFF716BF30B50D4604460121D9
:1024500089B0C802FEF7D9FB01210420FEF7D5FBA5
:1024600018228DF81F204FF48072ADF81C20032035
:102470008DF81E0007A93148FEF7DFF9ADF81440CA
:10248000ADF8105000242E4DADF81240ADF81640B6
:1024900004A92846FEF7A0FC6020ADF8000001204A
:1024A000ADF80200ADF80640ADF80840ADF80C40BC
:1024B00069462846FEF7C9FC08212846FFF712F8AE
:1024C00001212846FEF73AFF01212846FEF7E2FFE8
:1024D00001212846FEF728FF1A481949343100889F
:1024E000088009B030BD70B5054617480C46007825
:1024F000012805D11348008881B21148FFF715F96A
:1025000012494FF4E1500A1D002D04DA088005F548
:10251000E155158003E01080C5F5E1520A800B49B2
:1025200008310A1D002C04DA088004F5E1541480F7
:1025300070BD1080C4F5E150088070BD00080140F6
:10254000002C0140C80000202F000020340400406F
:1025500008B501211020FEF758FB0220ADF800005D
:1025600000208DF8030069466E48FEF766F9BDE865
:10257000084000F055B808B501211020FEF745FBD2
:102580000120ADF8000000208DF803006946654881
:10259000FEF753F9BDE8084000F083B810B5624C6F
:1025A0000146072301222046FDF780FF0121204636
:1025B000FDF759FF02212046FEF74CF80028F9D01C
:1025C0002046BDE81040FDF7B5BF10B50B20FFF762
:1025D000E5FF07F0D6FB554907F0C6F9544907F067
:1025E000C3F9544907F0C0F907F007FC80B210BDE9
:1025F00010B5514C0146072301222046FDF756FF36
:1026000001212046FDF72FFF00BF02212046FEF7E3
:1026100021F80028F9D02046BDE81040FDF78ABF18
:1026200010B5012186B08802FEF7EFFA3E4C204635
:10263000FDF7A0FE00214FF46020CDE902018DF8E6
:102640000410012000918DF805108DF810006946E6
:102650002046FDF7ABFE4FF40040FEF76AFA072371
:1026600001220B212046FDF721FF01224FF40871C2
:102670002046FDF7D7FE01212046FDF7BFFE20468C
:10268000FDF7D9FE2046FDF7DBFE0028FAD12046F3
:10269000FDF7DDFE2046FDF7DFFE0028FAD106B08B
:1026A00010BD10B5012186B04802FEF7AEFA224CEB
:1026B0002046FDF75FFE00214FF46020CDE90201C6
:1026C0008DF80410012000918DF805108DF8100090
:1026D00069462046FDF76AFE4FF40040FEF729FAEE
:1026E000072301220A212046FDF7E0FE00224FF4D5
:1026F00008712046FDF796FE01212046FDF77EFE7B
:102700002046FDF798FE2046FDF79AFE0028FAD1F4
:102710002046FDF79CFE2046FDF79EFE0028FAD1DC
:10272000BDE7000000100140002801406740533A17
:10273000000030410000C8420024014070B5002272
:10274000F74C012311B1C4F88C3101E0C4F88C219D
:10275000F44D0021C5F8B821060602D5C4F894311D
:1027600001E0C4F89421C5F8B8314006491C000EB8
:10277000C9B20829EED3C4F88C3170BD70B5EA4EE9
:10278000002505F1B000C0B20021FFF7D7FF0021FE
:102790000846FFF7D3FF00211020FFF7CFFF0024EA
:1027A00006EBC4000121405DFFF7C8FF641CE4B2E2
:1027B000802CF5D36D1CEDB2082DE2D370BD00B5B1
:1027C00000218D20FFF7BAFF00211420FFF7B6FF8C
:1027D0000021AF205DF804EBB0E700B500218D20AB
:1027E000FFF7ACFF00211020FFF7A8FF0021AE206B
:1027F0005DF804EBA2E710B40021CB4B0A460020A1
:1028000003EBC004401CC0B262548028F8D3491CBA
:10281000C9B20829F3D310BCB0E710B57F2816D889
:102820003F2914D80723A3EBD10301F00701C1F11D
:1028300007040121A140BC4CDBB204EBC000002A1C
:10284000C25CC9B201D00A4300E08A43C25410BD41
:102850002DE9F04F203A9C460D468246884602F00C
:10286000FF090026DDF824B02FE0BCF10C0F08D0E2
:10287000AE4901EB09100027845D200607D55A46B2
:1028800009E0AB4909EB490001EB8000F3E7BBF13C
:10289000000F12D0002229465046FFF7BEFF600607
:1028A0006D1C040EEDB2A5EB0800604507D10AF1DE
:1028B0000100454600F0FF0A05E00122EBE77F1C1E
:1028C000FFB2082FD9D3761CF6B26645CDD3BDE84A
:1028D000F08F0346012000E05843491EC9B2FBD2E5
:1028E00070472DE9FF4F81B00027DDF838B01D4655
:1028F000924680463C464FF001094FEA5B0627E0CE
:10290000281B401EC1B20A20FFF7E3FFBAFBF0F01C
:102910000A21B0FBF1F201FB120027B9691E8C42BB
:1029200001DA48B101273030C2B206FB0480C0B2E0
:102930005B46CDF8009006E006FB0480C0B25B4623
:102940002022CDF800900299FFF782FF641CE4B2C8
:10295000AC42D5D305B0BAE7F8B516460D460446E5
:10296000012714E07A2C02D900241035EDB23A2D5B
:1029700003D900242546FFF73EFF009732780C2349
:1029800029462046FFF764FF0834E4B2761C30780D
:102990000028E7D1F8BDF8B50220FFF71DF90120A6
:1029A000FFF71AF901211820FEF72FF9012108205D
:1029B000FEF72BF94FF48040ADF8000010248DF89D
:1029C000034003258DF8025069465A48FDF735FF4C
:1029D0002020ADF80000584E8DF803408DF80250CD
:1029E00069463046FDF729FFADF800408DF80340F9
:1029F0008DF8025069463046FDF71FFF0820ADF8FC
:102A000000008DF803408DF8025069463046FDF70E
:102A100014FF434C0020C4F89001642004F5C874EE
:102A2000FFF78FFA012020600021AE20FFF786FE1D
:102A30000021D520FFF782FE00215020FFF77EFE07
:102A40000021A820FFF77AFE00213F20FFF776FE45
:102A50000021D320FFF772FE00210846FFF76EFE2B
:102A600000214020FFF76AFE00218D20FFF766FE5F
:102A700000211420FFF762FE00212020FFF75EFEF8
:102A800000210220FFF75AFE0021A120FFF756FE89
:102A90000021C020FFF752FE0021DA20FFF74EFE92
:102AA00000211220FFF74AFE00218120FFF746FE99
:102AB0000021EF20FFF742FE0021D920FFF73EFE64
:102AC0000021F120FFF73AFE0021DB20FFF736FE60
:102AD00000213020FFF732FE0021A420FFF72EFE58
:102AE0000021A620FFF72AFE0021AF20FFF726FED7
:102AF000FFF781FEF8BD30B5C400E1B200220A4BF9
:102B0000083409E0002003EBC005401CC0B26A5441
:102B10008028F8D3491CC9B28C42F3D830BD0000DC
:102B200000802142000022428C03002090C0000857
:102B30001CBC000800100140000C014038B5012108
:102B40001820FEF762F8C024ADF8004004258DF887
:102B5000035069466048FDF770FEADF800408DF8FF
:102B6000035069465D48FDF768FE38BD38B51E2044
:102B70008DF8000001248DF803408DF801400325F5
:102B80008DF802506846FDF7A2FB2C208DF800005E
:102B90008DF803408DF801408DF802506846FDF72E
:102BA00096FB38BD70B586B001210420FEF736F8DB
:102BB00001214803FEF729F86846FEF791FB002043
:102BC0004FF6FF71ADF80410ADF80000444EADF8BB
:102BD0000600ADF8020069463046FEF7FDF8414DAB
:102BE00069462846FEF7F8F800231A4603213046C6
:102BF000FEF717FC03A8FEF786FB0A24ADF8144085
:102C000003A93046FEF7A0FA01213046FEF7B2FDD7
:102C1000012211463046FEF79CFB01213046FEF7AB
:102C200083FB00231A4603212846FEF7FAFB03A87C
:102C3000FEF769FBADF8144003A92846FEF784FAB5
:102C400001212846FEF796FD012211462846FEF78F
:102C500080FB01212846FEF767FB06B070BD10B56A
:102C6000FFF76CFFFFF782FFBDE810409AE70021F5
:102C7000022807D003280BD004280BD008280CD03A
:102C8000002070474FF08042B2F9240091847047D1
:102C9000154A04E0124A243201E0124A2432B2F901
:102CA00000001180704710B50D4C01212046FEF741
:102CB0005AFD2046BDE810400121FEF76ABD10B55F
:102CC000084C01212046FEF74EFD2046BDE810408D
:102CD0000121FEF75EBD0000000C01400010014024
:102CE000000800400034014024040040F8B50121F0
:102CF0001820FDF78AFF01211020FDF786FF4820EC
:102D00008DF803004FF48076ADF800606946FE4808
:102D1000FDF793FD10248DF803406001ADF800002D
:102D2000FA4F03258DF8025069463846FDF785FDB8
:102D30008DF80340ADF800408DF8025069463846E2
:102D4000FDF77BFD8DF80340ADF800608DF8025073
:102D500069463846FDF771FDF8BD2DE9F84F0125AC
:102D60000746ADF80050EA4800264670ADF800501E
:102D7000E84CDFF8A4A380464FF6FF7924E0BDF8C5
:102D80000000384202D0C4F8A45101E0C4F8A461A4
:102D9000C4F8A0510520FFF7BCF8C4F8A0610520D5
:102DA000FFF7B7F8C4F8A051DAF8200130B198F86D
:102DB0000110BDF80020114388F80110BDF8001083
:102DC00009EA4100ADF80000BDF80000FF28D6D99F
:102DD000BDE8F84F1020FFF79CB870B5CD4D00202E
:102DE000C5F89001CD4C05F5C8752078FFF7B5FF03
:102DF0006078FFF7B2FF01202860C548407873284B
:102E000001D0012070BD002070BD2DE9F05FC14EE2
:102E10000024C6F89041C14D2878FFF79EFF6878DE
:102E2000FFF79BFF0225DFF8F0A2DFF8E492A0464F
:102E300001274FF6FF7B0124C6F8A0710520FFF79C
:102E400068F8C6F8A0810520FFF763F8C6F8A071FE
:102E5000DAF8200120B119F80510214309F805100E
:102E60000BEA4404FF2CE7D91020FFF752F86D1C41
:102E7000EDB2092DDFD3C6F89071BDE8F09F0020B8
:102E8000A34A01461154401CC0B20928FAD3704726
:102E900070B5FFF7F4FFFFF7B8FF9D489F4AB0F801
:102EA00003409E481C3244800020012512F8103057
:102EB00000F101005B1E05FA03F12142C0B202D00D
:102EC0001028F3D3002070BD9149085C704770B59D
:102ED000904C054600200E46C4F89001102004F5E1
:102EE000C874FFF716F80120FFF737FF4220FFF7FD
:102EF00034FF0020FFF731FF2846FFF72EFF304652
:102F0000FFF72BFF0020FFF728FF0020FFF725FF2A
:102F10000020FFF722FF0020FFF71FFF01202060A5
:102F2000BDE870401020FEF7F4BF10B5794C0020CA
:102F3000C4F89001102004F5C874FEF7EAFF0120E0
:102F4000FFF70BFF4220FFF708FF0020FFF705FF08
:102F50000020FFF702FF0020FFF7FFFE01202060A6
:102F6000BDE810401020FEF7D4BF10B5694C00201A
:102F7000C4F89001102004F5C874FEF7CAFF0120C0
:102F8000FFF7EBFE4320FFF7E8FE0020FFF7E5FE2A
:102F90000120FFF7E2FE0020FFF7DFFE0020FFF731
:102FA000DCFE0020FFF7D9FE0020FFF7D6FE002050
:102FB000FFF7D3FE01202060BDE810401020FEF78F
:102FC000A8BF10B5534C0020C4F89001012004F5AF
:102FD000C874FFF7C2FE4420FFF7BFFE0020FFF7D2
:102FE000BCFE0120FFF7B9FE0320FFF7B6FE00206C
:102FF000FFF7B3FE0020FFF7B0FE0020FFF7ADFEA5
:103000000020FFF7AAFE01202060BDE8104010203C
:10301000FEF77FBF10B53F4C0020C4F89001102090
:1030200004F5C874FEF775FF0120FFF796FE4D20EA
:10303000FFF793FE0020FFF790FE0020FFF78DFEC4
:103040000120FFF78AFE01202060BDE8104010201B
:10305000FEF75FBF10B52F4C0020C4F89001102080
:1030600004F5C874FEF755FF0120FFF776FE4320F4
:10307000FFF773FE0020FFF770FE0020FFF76DFEE4
:103080005A20FFF76AFE5A20FFF767FE5A20FFF723
:1030900064FE5A20FFF761FE5A20FFF75EFE012012
:1030A0002060BDE810401020FEF733BF10B5FFF7D9
:1030B0003CFFFFF73AFFFFF738FFFFF756FFFFF738
:1030C00080FFBDE81040C5E710B5FFF7E1FE1349EA
:1030D0000F4B8861DA798A601A7ACA605C790C6170
:1030E0009B794B6101240E4B042801D1187840B321
:1030F0004868002824D0762A22DA187800281FD1C0
:1031000008491C7008700FE0000C014000100140DD
:103110008C07002000002242008021426400002031
:10312000280000202900002007490870074908707E
:1031300008490748086008480949027807480860B4
:1031400010BD4C60D7E700002A0000204500002099
:103150000000AF43DC0000202F000020DB0F493FC0
:10316000E000002003788B54114443784B70827840
:103170008A70C078C870704703B50A2912D8002930
:1031800010D00B290ED2DFE801F00D06080E101248
:103190001416181A1C00012200E00522294968466D
:1031A000FFF7E0FF0CBD0922F8E70D22F6E7112238
:1031B000F4E71522F2E71922F0E71D22EEE72122BB
:1031C000ECE72522EAE70A2839D890B31D492422E2
:1031D0000B280A7033D2DFE800F032060A0E12160E
:1031E0001A1E22272D00052048710620704709204D
:1031F00048720A2070470D2048730E207047112036
:103200004874122070471520487516207047192001
:1032100048761A2070471D2048771E2070472120CD
:1032200081F8210022207047252081F825002620E2
:10323000704704E0292081F829002A20F8E70020BF
:10324000F6E700009507002030B50346002001296D
:1032500008D10022FE4C03E0A55C6840521CD2B2AB
:103260009A42F9D3002908D1F94A303203E0545C7C
:103270006040491CC9B29942F9D330BD2DE9F05FD5
:10328000F34C7B20804620767D2084F82E00F14888
:10329000F149F24A0078DFF8C8A3DFF8C8B317682D
:1032A0000E684FF0FF390025E8B1012804D002284C
:1032B00052D0032836D166E03146384606F0FCFA93
:1032C000494606F0C1FB514606F04EFB06F07CFD78
:1032D0006083A5833946304606F040FB06F0C0FD0A
:1032E000E14AE24B15E03146384606F0E5FA494638
:1032F00006F0AAFB514606F037FB06F065FD608339
:10330000A5833946304606F029FB06F0A9FDD84AC8
:10331000D84B06F0BEFC00225B4606F048FC06F0E7
:1033200080FDE083D448D84ED84FB0F90030D34860
:1033300063840088404202B2D148A284B0F90010F0
:10334000D048E184B0F9000020853688764236B254
:1033500066853F7877B32FE03146384606F0ACFA01
:10336000494606F071FB514606F0FEFA06F02CFDC8
:103370006083A5833946304606F0F0FA06F070FD0A
:10338000C34AC44BC5E73146384606F095FA49466C
:1033900006F05AFB514606F0E7FA06F015FD608389
:1033A000A5833946304606F0D9FA06F059FDBA4AE7
:1033B000BA4BAEE7BA4D2D88A585BA4D4FF47A7C4D
:1033C0002D8805FB0CF5258484F800806770678BD9
:1033D0004FEA172C84F802C0E770A78B4FEA172C2E
:1033E00084F804C06771E78B4FEA172C84F806C095
:1033F000E7711F0A27726372130AA372E2720A0A44
:1034000022736173010AA173E073300A2074667439
:10341000A08D010AA174E074280A20756575012148
:103420001620FFF711FFA07594F82E00E075BDE897
:10343000F09F9D490880081F01884906FCD5704708
:1034400000B5834B0022985CFFF7F3FF521CD2B209
:10345000182AF8D300BD10B501EB002000B206F029
:1034600095FC00227F4B06F014FCBDE8104006F0EE
:103470000ABD10F1FF4F01D380F00040704770B5D6
:103480008A4D06460C4611F0FF4F31D016F0FF4F23
:103490002ED0304606F09AFAFFF7EBFF294606F0E9
:1034A0000FFD0ED8B4F5000F304602DBFFF7E1FF49
:1034B00003E0FFF7DEFF80F00040294606F086FAC1
:1034C00004462146304606F081FA06F0C9FC664AF9
:1034D000774B06F0C5FA02460B464FF0004075499F
:1034E00006F0D7FB07F078FCBDE8704006F0CBBCD7
:1034F000002070BD2DE9F0416B4C40F22555241F92
:1035000029462046FEF7ACFA002849D02946204635
:10351000FEF7C5FA2046FEF73CFAC1B26648012222
:10352000002302706548684A494C0370644830348F
:103530007B290370634803701078215400D028B1B0
:10354000401CC0B210700B2802D029E0137027E095
:103550001370A07A7D2823D100210920FFF774FE83
:10356000617A88421CD12179E078FFF774FF574FC8
:103570003860217AE079FFF76EFF01463548544DF7
:10358000544E0078DFF8508101280CD0217AE07980
:10359000FFF761FF32464146286000F04CF9286091
:1035A0000020BDE8F0813868FFF769FFF2E72DE9F8
:1035B000F0414A4C40F2255529462046FEF750FA84
:1035C00000281ED029462046FEF769FA2046FEF75D
:1035D000E0F9C1B2384801220023027037483A4A64
:1035E0001B4C0370364830347B2903703548037018
:1035F0005078215400D028B1401CC0B250700B2824
:1036000002D073E0537071E05370A07A7D286DD1C1
:1036100000210920FFF718FE617A884266D12179DE
:10362000E078FFF718FF294F3860217AE079FFF73B
:1036300012FF01460748264D264E0078DFF8988095
:10364000012855D0217AE079FFF705FF324648E09E
:10365000C00700202F000020700800206008002014
:1036600000007A4400408F4023DBF97E6ABCC43FEF
:103670000E2DB29DEFA7C63FAE000020B200002085
:10368000B0000020BC000020B80000204400002052
:1036900048E17A14AE47C13F6DE7FBA9F1D2CD3FB7
:1036A000BA00002030000020043801403333B33E1C
:1036B0006ABCB43F976EC23F2A0000202900002058
:1036C0002800002045000020A0000020C0000020AD
:1036D000C4000020920A863F920A86BF004C004038
:1036E00004E04146286000F0A6F82860002058E772
:1036F0003868FFF7C4FEA9E770B515460E460446C4
:1037000006F0E8FB00D234462946204606F0D8FBF6
:1037100000D22C46204670BD70B502460020FF4DF9
:10372000012105EB810455F82130491CC9B244F848
:10373000043C0A29F5D300246A6255F8241006F0E7
:10374000BBF8641CE4B20A2CF7D3F54906F03EF945
:1037500006F03AFBBDE8704006F00ABB70B50246C1
:10376000EE4D00200121283D05EB810455F8213064
:10377000491CC9B244F8043C0A29F5D300246A6202
:1037800055F8241006F098F8641CE4B20A2CF7D31C
:10379000E34906F01BF906F017FBBDE8704006F0A0
:1037A000E7BA2DE9F041DD4C2834A168206801F02A
:1037B0006DFE06F0DDFA04F110056060A968286866
:1037C00001F084FE06F0D4FA6860D648007808B1AB
:1037D000072807D16068FFF7C1FF60606868FFF7DE
:1037E0009BFF6860D04ED14F324639466068FFF784
:1037F00083FF6060324639466868FFF77DFF686086
:10380000BDE8F08170B5CA480024D0F83401C94D34
:103810002870C9480088B0F57A7F04D23220FEF7BC
:103820002AFB012402E0C820FEF725FB287800B11E
:103830000124204670BD70B514460D46064606F0BC
:103840003FFB01D2284670BD2146304606F042FBC0
:1038500001D2204670BD304670BD884201DA08466C
:1038600070479042FCDD104670472DE9FE4F05463B
:10387000AC4EB2480C460090B14AB249F069FFF72D
:10388000DAFFF061B04AB149306AFFF7D4FF306225
:10389000AF48A24FDFF8BC820178283707F1100645
:1038A00001290DD0AC4BAD4A84F000404FF0FF39F8
:1038B00019B1022901D003297ED19D427DD290E029
:1038C000A7480290204606F0CBFA08F075F90246A8
:1038D0000B464FF00040A34906F0DBF9A24AA34B88
:1038E00006F05FF906F0CFFA8246A14AA1492046C8
:1038F000FFF7A1FF044610F0FF4F18D0DFF87892D1
:103900005046494606F02AF8294606F02DF8514659
:1039100006F05CF8B8604946504605F0CDFF2946F0
:1039200006F022F8514606F051F8B06001E0BD60A3
:10393000B5609249204606F017F806F091FA8246E3
:103940008B46204606F08CFA044600224FF0804356
:10395000019107F01FFC0022894B06F028F905466B
:10396000894620460022874B019907F013FC4FF04F
:103970000042854B06F01BF94B462A4606F070F8CC
:1039800052465B4606F00DF90022804B06F068F8BF
:1039900006F079FA7E4905F0E1FF029905F0E4FFAF
:1039A0007C4905F089FF06F00FFA5E4C454641461A
:1039B0006062B868009A01E011E032E0FFF73BFF77
:1039C000B8602946B068009AFFF735FFB06040F64E
:1039D00098024FF44871606AFFF73FFF6062BDE8EC
:1039E000FE8F2046116805F0BFFF494606F02CF80F
:1039F0008146294605F0B5FF0446B8604846294689
:103A000005F05AFFB060454641462046009AFFF750
:103A100012FFB8602946B068009AFFF70CFFB0604B
:103A2000DDE70446DDE72DE9F0415D4900205A4F0E
:103A30003C4EDFF868C14FF6FF7E01220B6814E0B0
:103A400000EB400107EB4101D1F8024064447445AA
:103A50000AD2746B14B90C88C6E90C420C88316B1D
:103A600064318C4200D22546401C9842E8DB4FF07E
:103A70007A50F061306B06F084F90446284606F06F
:103A800080F9214601F042FD314980F0004030626A
:103A90000978012907D0002904D1424A4249FFF799
:103AA000CAFE3062ACE6414A4149F8E72DE9F041EF
:103AB0003B4900264FF6FF743046374D194F40F210
:103AC000DB5C0B6810E000EB400105EB4102118864
:103AD000A1F16508E04506D2761CA14203D20C464E
:103AE000D2F80210B962401C9842ECDB3149B86A46
:103AF000884203DD304905F031FFB8620546F96AB6
:103B000005F02CFF06494FF00008884202DC2B49E3
:103B1000884258D9B879401CC0B251E0380800201A
:103B200000002041A400002000A0D7C500A0D74578
:103B300000002242440000203000002000006040CD
:103B40009A99993F9A9999BF920A863F920A86BF9D
:103B50002F000020000060C0000080804C0000208A
:103B6000AE271F44976EC23F23DBF97E6ABCB43F89
:103B70000AD7A33E0AD7A3BE54E3A53DE5D0E23F52
:103B8000D34DF43F000008409318E4BF022BF93FE7
:103B90004C37C93F0080BB44D2120020FFFF72BCEB
:103BA000340000207CD9203F7CD920BFDB0F493F67
:103BB000DB0F49BF000034430000B443000020C1C4
:103BC000B8711E2802D187F80680FD62062E0CDA35
:103BD0003889282804D2401C80B2388128283CD358
:103BE000C7F81C80C7F8208037E0FF48A7F8088096
:103BF000FE4E007801280FD0FD48854202DCFD48CA
:103C000085421ED9B4F5C87F1BD9FB49F86A05F077
:103C1000ABFEC7E9078020E0F8482918F848814240
:103C200003D3F849294481420BD2B4F5FA7F08D274
:103C3000F548F8610021F86A01F0D9FC80F00040F5
:103C40000AE0204606F09DF8314601F040FDF8619B
:103C50000021F86A01F0CBFC3862F86910F0FF4FE0
:103C60000CD0EA4AEA49386AFFF7E5FD3862E94ACA
:103C7000E949F869FFF7DFFDF861C1E5E74AE8497E
:103C8000F1E72DE9F05FD8480025A84606782C46D4
:103C90002F464FF4AF7A012E02D0032E03D005E059
:103CA0004FF4C87001E04FF4FA708246DD48D0F856
:103CB00000B02CE0DC4805EB450100EB4101DB4A9C
:103CC000D1F80200DA4B02449A421FD309885FEA16
:103CD00001091BD0D14519DA08F1010101F0FF08F3
:103CE000D2494942884202DA0146204606E0D149DB
:103CF000884206DDD04905F031FE214605F0DCFDA5
:103D00000446B9F1C80F01D27F1CFFB26D1C5D459E
:103D1000D0DB4046DFF824B3C94D4FF00008082837
:103D200011D2E86906F09CF85A46C64B05F098FE99
:103D300006F0A9F8C449E861884200DBE961404621
:103D4000C5F8208035E0C148DFF804934FF4000A3D
:103D5000012E03D0082F17D9E861F0E7082FFBD810
:103D6000E86906F07DF85A46B64B05F01AFF06F0F2
:103D70008AF8E861484501DAC5F81C90544501DB32
:103D8000B44815E0B44813E0E86906F069F85A460B
:103D9000AC4B05F006FF06F076F8E861484501DA1D
:103DA000C5F81C90544501DBAC4801E04FF07E5053
:103DB000286280F000402862BDE8F09F2DE9F041C4
:103DC0004FF4FA64A64B6510224629461868FFF79F
:103DD00044FD2246A34C186029462068FFF73DFDAC
:103DE00020601C686FF06301A0F2DC50A4F2DC5488
:103DF000884202DD642800DA00208C4202DD642C57
:103E000000DA002405F0B4FF06468D4D604205F04F
:103E1000AFFF04462862304606F022F8924A934BE0
:103E200005F0C5FE06F02FF80646E8616E48904F93
:103E30000078012818D00121204605F005FE8D49A3
:103E400005F092FD394605F0C1FD28628A493046E9
:103E500005F0BCFDE861E879002804D00021E961A3
:103E6000401E2962E871CBE484492046E8E72DE949
:103E7000F05F8449824809680068C1F18005C0F19B
:103E800080006FF01301884202DD142800DA002060
:103E90008D4202DD142D00DA002505F069FF684C23
:103EA00006466FF0060AA06B5146834605F0CCFD2E
:103EB000314605F059FD0746E0614B484FF03C485C
:103EC00006782046012ED0F83C9002D017F1FF4F23
:103ED00008D2284605F04CFF05464146484605F005
:103EE00043FD07E0284605F043FF05465146484696
:103EF00005F0AAFD294605F037FD634B206200223C
:103F0000186862494D4DDFF83C810B280CD00C2815
:103F10002BD062715849384605F058FDE061206A9F
:103F200080F00040206247E72079401CC0B2207139
:103F30001428EFD11A602271584605F0BDFC54498F
:103F4000A063884200DDA163012EE3D0484605F05E
:103F500087FF2A46434605F083FD05F094FF4FF0A6
:103F60007E51E06388421FDCD4E76079401CC0B218
:103F700060711428CED11A606271584605F0EEFCCB
:103F80004449A063884200DAA163012EC2D04846AA
:103F900005F066FF2A46434605F003FE05F073FF71
:103FA0003D49E0638842B5DAE163B3E710B53B48C9
:103FB000234C0021007888B101287BD02D4A0228AB
:103FC0007AD003287AD004287AD005287ED0344AC3
:103FD000062875D007287FD008286DD0E1612162BE
:103FE00001480078012863E02F0000200000C8434A
:103FF0000000F0410000F0C1CDCCCCBDFFFF8FBE72
:10400000FFFFC301FFFF8F3ECDCC4CBE920A063F9F
:10401000920A06BFCDCCCC3ECDCCCCBEDB0FC93F87
:10402000DB0FC9BF34000020D21200200000B8BD51
:104030000100530100009B430000B4439A999999F1
:10404000A40000209999B93F9A99993E9A9999BEEE
:104050009A99193E7CD920BF7CD9203F000080BFAF
:10406000680200206C020020CDCCCCCCCCCCF43F3C
:104070000000AF43DB0F493F00007A44DB0FC93E2D
:1040800070000020740000207C0000200000C84167
:1040900000004844000052437CD9203E000100202B
:1040A000DB0F49BF06E007E008E009E00EE013E09F
:1040B00016D01DE0A06B0CE0A06B04E0FD480CE006
:1040C000A06B80F00040C4E9070289E7A06B80F094
:1040D0000040C4E9070183E7F748C4E907107FE718
:1040E0000121206A05F0B0FCF44905F06FFC206264
:1040F000F349E06905F06AFCE061206A80F0004065
:10410000206210BD2DE9F047054601287DD04421ED
:10411000D02004F091FD04464321D02004F08CFD12
:1041200004EB0020E74C4621A082D02004F084FD5F
:1041300006464521D02004F07FFD06EB00202083B9
:104140004821D02004F078FD06464721D02004F015
:1041500073FD06EB0020E0823C21D02004F06CFDD2
:1041600006463B21D02004F067FD06EB0020E081ED
:104170003E21D02004F060FD06463D21D02004F011
:104180005BFD06EB002060814021D02004F054FD4F
:1041900006463F21D02004F04FFD06EB002000B280
:1041A000A08105F0F3FD06460F46B4F90A0005F0BC
:1041B000EDFD32463B4606F01FFFDFF80C83002280
:1041C000434605F0F4FCDFF804A34FF0C0494A462B
:1041D000534605F05EFD05F024FE2082B4F90C0084
:1041E00005F0D4FD06460F46B4F90E0005F0CEFDED
:1041F00032463B4606F000FF0022434605F0D7FC5E
:104200004A46534605F045FD00E040E005F009FE52
:104210006082B4F9140005F0B9FDAD4E00223346BA
:1042200005F037FD05F0FDFD00B2A0828046B4F92F
:10423000180005F0ABFD0022334605F02AFD05F01D
:10424000F0FDA44EA44F2083022D24D0032D1CD1B9
:10425000404605F08DFD0546B4F9100005F088FDD7
:10426000294605F0E0F980F000403060B4F918000C
:1042700005F07EFD0546B4F9120005F079FD2946EA
:1042800005F091FA80F000403860BDE8F087BDE8A5
:10429000F04704F0F9BE404605F06AFD0546B4F962
:1042A000100005F065FD294605F018F980F0004082
:1042B0003060B4F9180005F05BFD0546B4F9120052
:1042C00005F056FD294605F0CAF9DBE72DE9F04176
:1042D0000420FEF7CCFC7B4D403528600820FEF71B
:1042E000C6FC044668607D48007828B1012803D0E8
:1042F000022801D0032807D1286805F039FD0746B8
:10430000604205F035FD0646754C3846214605F0FD
:104310002BFB744909680F4605F026FB724D2946B0
:1043200005F054FB714908602146304605F01CFB3E
:10433000394605F019FB294605F048FB6B49103159
:1043400008609AE42DE9F041694C01212046FDF70F
:1043500014FA00284ED001212046FDF71AFAFFF783
:10436000B5FFFDF708FD634A1078002458B1624993
:104370000878401CC0B208700A2802D008780A28C1
:1043800001D90C7014704F4DA878401CC0B2A870B1
:10439000142802D159480470AC70287860B3012801
:1043A0004AD002284BD003284CD004284DD0E878BE
:1043B000401CC0B2E87004284AD000D9EC70D5E99E
:1043C0000701FFF752FAFFF71DFA484E06F11007F2
:1043D00088B3746040F2DC507C606862786805F0F5
:1043E000F3FC0446706880F0004005F0EDFC2146C7
:1043F000FEF779F8002040E46878401CC0B268708D
:104400000A2803D10220FFF77DFE6C703C4800783B
:1044100001280AD03B480078012809D03A480078A2
:104420000128CCD1FFF7CAFCC9E7FFF7BFFDC6E7FB
:10443000FFF71DFDC3E70FE0FFF723FCBFE7FFF722
:1044400035FBBCE7FFF7EFFAB9E702F02FF8B6E764
:10445000EC7002F01EF9B2E7FFF7A3F9BEE71F48C0
:10446000204A2A49007840B1012806D0022808D005
:104470002748106027480860704727481060274881
:10448000F9E7274810602748F5E770B50D4C00257F
:10449000256201F006FE244824490088C82849D234
:1044A000E06905F05BFA2249E061884200D9E161E8
:1044B00070BD0000DB0FC93FDB0FC9BF000020410A
:1044C00000007A44A400002000806640FB210940DF
:1044D00000605040DC020020E00200202F0000209D
:1044E00000004843480000200000C344600800204A
:1044F000000C00402E0000202D0000205000002065
:104500002900002028000020450000204C00002049
:10451000308C0D3E8D976E3ED589573E7D3F353EA2
:10452000A3540A3E713D0A3E5E0200200000404056
:10453000000052C3A0F20F10B0F5EF7FE06906D87B
:1045400005F0BAF90B49E0618842B0DCB0E74FF4FE
:1045500000060949B04207DB05F000FAE06110F1FE
:10456000FF4FA5D3E561A3E705F0A6F9E061B042EE
:10457000F8DA9DE7000052430000A041002800DC6B
:10458000404280B270472DE9F04116460D4607467D
:104590000024FEF742F9324629463846FEF73DF937
:1045A0002819C1B232463846FEF737F9641CE4B226
:1045B000082CF5D3BDE8F08170B5FE4DFE4E002409
:1045C00035F814003178884201D2012200E000223F
:1045D00000212046FFF7D7FF641CE4B2802CEFD304
:1045E00070BD2DE9F84F4FF48061F44805F04CF9A7
:1045F000F3490A27DFF8CC830878DFF8CC93F34E31
:10460000F34DDFF8D0A30C244FF0640B042811D035
:1046100005287CD00021F0A20846FEF79DF9E84865
:104620000078002874D0012873D0022872D00328A3
:1046300071D098E2EA4800940021026804230846F9
:10464000FEF74FF9E74800940423026800211E207A
:10465000FEF747F9E44800940423026800213C2057
:10466000FEF73FF9E14800940423026800215A2034
:10467000FEF737F9DEA20A210020FEF76DF9DE48C9
:10468000006810F1FF4F01D3DCA200E0DCA20A2198
:104690003220FEF761F9D848006805F095FBFFF776
:1046A0006DFF024603230A213C200094FEF719F90E
:1046B000D44D286810F1FF4F01D3D0A200E0D0A262
:1046C0000A215E20FEF748F9286805F07DFBFFF718
:1046D00055FF024603230A216A200094FEF701F9E0
:1046E000C9A214210020FEF737F9B94D7068A8421D
:1046F00017D3C2A214211E20FEF72EF9706805F010
:104700007CFB0246042314212420009404E09DE055
:10471000F7E1F8E1F9E1FAE1FEF7E3F87068A842A1
:104720000ED2B7A214211E20FEF716F9706805F00C
:1047300064FB02460423142124200094FEF7D1F8E0
:10474000B3A214214220FEF707F9B06810F1FF4F21
:1047500008D3AAA214216220FEF7FEF8B06810F177
:10476000FF4F04D2A6A214216220FEF7F5F8AA4951
:10477000B06805F0F9F805F040FB02460423142167
:1047800068200094FEF7ADF8A4A21E210020FEF7D9
:10479000E3F88F4EDAF804005546B04211D31E21DB
:1047A00096A20846FEF7D8F8686805F026FB024690
:1047B00004231E2124200094FEF793F86868B04279
:1047C0000ED21E218EA20846FEF7C6F8686805F0D4
:1047D00014FB024604231E2124200094FEF781F8D6
:1047E00090A21E214220FEF7B7F8A868B04207D376
:1047F00082A21E216220FEF7AFF8A868B04204D260
:104800007FA21E216220FEF7A7F88349A86805F061
:10481000ABF805F0F2FA024604231E21682000944A
:10482000FEF75FF881A228210020FEF795F8814865
:104830000078012806D080A228214120FEF78CF8BC
:104840007EA21DE17FA2F7E77EA278E3FFF7B4FE28
:104850007DA20A210020FEF77FF869A20A215A20D2
:10486000FEF77AF87A480094032302780A2164203C
:10487000FEF737F877A214210020FEF76DF860A24A
:1048800014215A20FEF768F84B480094032302785D
:1048900014216420FEF725F85BA21E210020FEF7FC
:1048A0005BF87068A84211D31E2154A20846FEF797
:1048B00053F8706805F0A1FA024604231E21242053
:1048C0000094FEF70EF87068A8420ED21E214CA28A
:1048D0000846FEF741F8706805F08FFA0246042397
:1048E0001E2124200094FDF7FCFF49A21E21422036
:1048F000FEF732F8B06810F1FF4F08D33FA21E2137
:104900006220FEF729F8B06810F1FF4F04D23CA2F4
:104910001E216220FEF720F83F49B06805F024F818
:1049200005F06BFA024604231E2168200094FDF76F
:10493000D8FF3AA228210020FEF70EF8244EDAF81C
:1049400004005546B04211D32CA228211E20FEF7A8
:1049500003F8686805F051FA024604232821242050
:104960000094FDF7BEFF6868B0420ED224A2282151
:104970001E20FDF7F1FF686805F03FFA02460423A8
:10498000282124200094FDF7ACFF26A228214220F4
:10499000FDF7E2FFA868B04207D318A228216220E1
:1049A000FDF7DAFFA868B0425CD2282114A2622089
:1049B00056E000003C1D0020860200208C030020F1
:1049C000A4000020300000204400002060080020E7
:1049D00000008080700800204D6F64653A00000080
:1049E0008C020020900200209402002098020020F7
:1049F0004D6F7665583A0000C00000202D00000081
:104A00002B000000C40000204C2D503A0000000094
:104A10004C2D453A0000000000007A44522D503AD7
:104A200000000000522D453A000000004465746506
:104A300063743A00EC0000204F464600454C452088
:104A4000000000004F4E20004D656469616E3A0021
:104A5000850200205468726573686F6C643A0000C8
:104A6000FDF77AFFFE49A86804F07EFF05F0C5F95E
:104A700002460423282168200094FDF732FFF9A2A2
:104A800032210020FDF768FFF8A232213620FDF721
:104A900063FFF7A232214E20FDF75EFFB8F8001049
:104AA0004546B1FBFBF20223322128200094FDF79A
:104AB00018FF28880123B0FBF7F0B0FBF7F107FBE4
:104AC000110232213E200094FDF70BFF28880123BC
:104AD000B0FBF7F107FB1102322146200094FDF7ED
:104AE00000FF99F800004C4600283FF4ADAEAFF24D
:104AF000B80232216920FDF72FFF20780028F4D07A
:104B000021E2DCA204E0DDA202E0DEA200E0DFA2FE
:104B100000213220FDF720FFDE480078012805D073
:104B2000022803D0032801D040B11CE0DA48007805
:104B3000012801D0D9A212E0DBA210E0DD48007804
:104B4000012822D0DC480078012820D0DB480078FA
:104B500001281ED0DA48007801281CD0D9A20A21E9
:104B60000020FDF7F9FEDA48DAA24FF014010078D0
:104B700001284FF0000010D0FDF7EEFED748006886
:104B8000A8423BD3AFF28C123AE0D5A2E7E7D7A216
:104B9000E5E7D9A2E3E7DBA2E1E7FDF7DDFECF48D9
:104BA0000068A84202D3AFF2AC1201E0AFF2B0123B
:104BB00014213220FDF7D0FEC848006805F004F942
:104BC000FFF7DCFC0246042314213C200094FDF78F
:104BD00088FEB8480078012808D0B7480078012836
:104BE00006D0B7480078012802D034E0C8A200E01F
:104BF000C9A214216220FDF7AFFE2CE0AFF2002223
:104C000014213220FDF7A8FEB448006805F0DCF856
:104C1000FFF7B4FC0246042314213C200094FDF766
:104C200060FEBF480068A84202D3AFF2302201E024
:104C3000AFF2342214215E20FDF78EFEB8480068E2
:104C400005F0C2F8FFF79AFC0246032314216A20FC
:104C50000094FDF746FEAFF250221E210020FDF722
:104C60007BFE7068A84214D3AFF270221E21084662
:104C7000FDF772FE706880F0004005F0BEF8024655
:104C800004231E2124200094FDF72BFE7068A84207
:104C90000FD2AFF294221E210846FDF75DFE706828
:104CA00005F0ABF8024604231E2124200094FDF7F2
:104CB00018FEAFF2A4221E214220FDF74DFEB0687F
:104CC00010F1FF4F16D3AFF2CC221E215E20FDF76C
:104CD00043FE9449B06804F047FE05F08EF80246A2
:104CE00004231E2168200094FDF7FBFDB06810F13D
:104CF000FF4F12D2AFF2F8221E215E20FDF72CFEEC
:104D00005749B06804F030FE05F077F802460423F6
:104D10001E2168200094FDF7E4FDAFF20032282147
:104D20000020FDF719FE804EDAF804005546B04227
:104D300014D3AFF2383228211E20FDF70DFE68682B
:104D400080F0004005F059F8024604232821242071
:104D50000094FDF7C6FD6868B0420FD2AFF2603232
:104D600028211E20FDF7F8FD686805F046F8024688
:104D70000423282124200094FDF7B3FDAFF25C3218
:104D800028214220FDF7E8FDA868B04215D3AFF214
:104D9000943228215E20FDF7DFFD6249A86804F007
:104DA000E3FD05F02AF80246042328216820009438
:104DB000FDF797FDA868B04212D2AFF2BC322821AD
:104DC0005E20FDF7C9FD2649A86804F0CDFD05F079
:104DD00014F802460423282168200094FDF781FD81
:104DE0003B480078012838D0B0B3022836D04FA213
:104DF00032210020FDF7B0FD1CA232213E20FDF73C
:104E0000ABFD1BA232215620FDF7A6FDB8F800101D
:104E10004546B1FBFBF20223322130200094FDF71E
:104E200060FD28880123B0FBF7F0B0FBF7F107FB2A
:104E30001102322146200094FDF753FD28880123FA
:104E4000B0FBF7F107FB110232214E200094FDF771
:104E500048FD99F800006DE07BE078E07BE0000021
:104E600000007A4443434420000000002E0000006C
:104E7000560000004E6F726D616C200041766F69C4
:104E800064202000466F6C6C6F772000416C6F6E61
:104E900067202000A4000020500000204661696CBB
:104EA000757265202020000053756363657373205D
:104EB0002020000029000020280000202A000020D7
:104EC000450000204C494E4B494E472E2E2E0000E7
:104ED0002F00002053504545443A0000DC000020DC
:104EE000426C7565746F6F746820000050533220F7
:104EF0002020202020200000524F5320202020205E
:104F000020200000522D43202020202000000000FF
:104F100050692F350000000050692F340000000058
:104F2000E000002000007AC4000080804254414E1E
:104F30004B00000000283FF487ACAFF2045232214E
:104F40006920FDF709FDBDE8F84FFDF717BC77A212
:104F50004EE778A24CE779A24AE710B5002179A282
:104F60000846FDF7F9FC7BA20A210020FDF7F4FCBE
:104F70007CA214210020FDF7EFFC7E4C207820B9A4
:104F80007DA21E211820FDF7E7FC2078012804D11E
:104F90007CA21E211820FDF7DFFC2078022804D116
:104FA0007BA21E211820FDF7D7FC2078032804D10E
:104FB0007AA21E211820FDF7CFFC7BA22821002019
:104FC000FDF7CAFC7CA232210020FDF7C5FCBDE83C
:104FD0001040FDF7D3BB2DE9F0417C48032186B09A
:104FE00000884000A0F5FA6090FBF1F4002C01DA93
:104FF000002402E0642C00DD64247549087810B3B5
:105000000020744E08700025317801291DD07349A5
:10501000714F00280E6872490A6836D0394610462A
:1050200004F0A2FC04F0D0FE04463946304604F0F9
:105030009BFC04F0C9FE06B02246BDE8F0410146E3
:1050400068A005F033B90120DBE76A48684F3946AC
:10505000006804F089FC04F0B7FE0446664839464F
:10506000006804F081FC04F0AFFE0146059502954E
:105070000395049500950023224660A0019505F054
:1050800015F9357006B0BDE8F081B84639461046CE
:1050900004F06AFC04F098FE07464146304604F0EE
:1050A00063FC04F091FE014623463A465BA000955E
:1050B00005F0FCF8E6E770B54448008804F061FEAE
:1050C000454904F083FC044644480121C068FEF7CA
:1050D00053F843480221C068FEF74EF803212046EA
:1050E000FEF74AF80320FEF76EF8504A0021504CB4
:1050F000151D06E013885B06FCD5635C2B80491CFC
:10510000C9B28142F6D370BD70B5002425460A208D
:10511000FDF76EFA641CE4B20544022CF7D340F2AA
:10512000FE30B5FBF0F01349087070BD414B4D20C7
:105130002000000044494646200000005354414EE0
:105140004B000000526F746174652052657369737F
:10515000746F7200546F2053656C656374204361F3
:105160007200000043757272656E74204361722094
:10517000497300002F0000202044696666204361C7
:10518000722000002020416B6D20436172200000DE
:10519000535F54616E6B204361720000425F546143
:1051A0006E6B2043617200005072657373205573FB
:1051B0006572204B65790000546F20456E64205362
:1051C000656C656374696F6E00000000300000203C
:1051D000F8000020FF0000200000C8426008002006
:1051E000700800207B4225643A25647D240000007D
:1051F0000050C347D8010020D40100207B43256420
:105200003A25643A25643A25643A25643A25643A95
:1052100025643A25643A25647D2400007B41256499
:105220003A25643A25643A25647D2400003801401B
:10523000950700202DE9F05F7E4D40F2255631465E
:105240002846FCF70DFC002821D02846FCF7A1FBDE
:10525000794C3146E0602846FCF721FC7749DFF8BD
:10526000E0B1784A0878784F01264FF0000848B13D
:10527000E568DFF8D891A5F1410007281FD8401C48
:1052800020716BE0E068412803D0C4F80880BDE8D5
:10529000F09FA068401CA0600528F8D1C4F80880E1
:1052A0000E706B496D4881F800806A4981F8008072
:1052B000694981F800801060C7F800B0E7E75A2D0F
:1052C00003D00A2D04DC257148E084F8048045E011
:1052D0006349592D06D0582D22D07B2D4ED07D2DDF
:1052E00053D03BE09246106804F038FB5D49CAF8A1
:1052F0000000884201DACAF800105B4800780128F3
:105300002CD0386804F0ACFD584A594B04F049FCE5
:1053100004F0B9FD3860584520DAC7F800B01DE048
:105320009246106804F0C8FA5249CAF80000884250
:1053300001DDCAF800104C48007801280ED038680A
:1053400004F08EFD494A4A4B04F08AFB04F09BFDB1
:105350004FF07E513860884200DD396020780128A6
:105360000DD0022893D199F80310484650290FD048
:105370004178232950D06178A17031E0267060789F
:1053800009F80050401C607081E702202070EAE7B5
:10539000E67041E06178081A04F0F8FC02460B461A
:1053A0000020354905F0F6FEA778054609EB070011
:1053B0000E4610F8010C303804F0E8FC2A4633465B
:1053C00004F0F5FB05460E46206904F049FD2A4627
:1053D000334604F045FB04F056FD7F1E2061A770A4
:1053E000A0780428D6D299F801002449303803283F
:1053F00012D2DFE800F002070C00206904F0E6FAA0
:105400001F4908E0206904F0E1FA1E4903E0206921
:1054100004F0DCFA1C49086084F8008084F80180FC
:1054200084F80280C4F81080BDE8F05F322107489C
:1054300004F02ABA00480040FC00002029000020A7
:105440007CD9203EDC000020E00000208008002005
:10545000280000202A000020450000200000AF4363
:105460000000C841000052432F0000209A999999EA
:105470009999B93F00004844000024400050C347B8
:10548000D4010020D8010020DC0100202DE9F041EA
:1054900004F067FAFB4D06460146686804F064FABA
:1054A00005F1800407463046616E04F057FA29681A
:1054B00004F05AFA394604F0FFF9216E04F0FCF9C1
:1054C000C4E91806BDE8F04104F07EBC2DE9F041C6
:1054D00004F047FAEB4D06460146686804F044FACA
:1054E00005F1800407463046216F04F037FA296839
:1054F00004F03AFA394604F0DFF9E16E04F0DCF921
:10550000C4E91B06BDE8F04104F05EBC2DE9F05F84
:105510008B46824604F025FADA4C814680340146F7
:10552000E06F04F0C9F9D849E067884202DCD74946
:10553000884200D9E167D648D24E594606F58078B0
:1055400005785046D8F8007004F00BFA394604F09C
:1055500005FA0DB3012D2AD0022D33D0316B04F0A2
:1055600003FA0546E16F706B04F0FEF90746F06A36
:10557000494680F0004004F0F7F9394604F0EEF9AE
:10558000294604F0EBF9A067C248C8F800904068CB
:1055900010F0FF4F21D027E0F16804F0E5F905464F
:1055A000E16F306904F0E0F90746B068E0E7B169FF
:1055B00004F0DAF90546E16FF06904F0D5F9074621
:1055C0007069D5E7716A04F0CFF90546E16FB06AFA
:1055D00004F0CAF90746306ACAE7AF48406810F0DD
:1055E000FF4F01D10020E067A06FBDE8F09F2DE9DB
:1055F000F0478A46814604F0B4F9A84C804601463B
:10560000E06804F059F9A049E060884202DC9F4953
:10561000884200D9E1609E489A4D514606789F48DD
:105620000769484604F09DF9394604F097F9012EC0
:105630001ED0022E28D09EB3E96B04F095F90646E1
:10564000E168286C04F090F907464146A86B04F025
:105650008BF9394604F030F9314604F02DF9C4F8DD
:105660001080A0608B48406810F0FF4F25D02BE0E1
:10567000A96C04F079F90646E168E86C04F074F965
:1056800007464146686CE2E7696D04F06DF906462D
:10569000E168A86D04F068F907464146286DD6E731
:1056A000FFE7296E04F060F90646E168686E04F0D1
:1056B0005BF907464146E86DC9E77748406810F056
:1056C000FF4F01D10020E060A068BDE8F0872DE920
:1056D000F04104F046F9714D06460146E86904F0D0
:1056E000EBF86949E861884202DC6849884200D9E0
:1056F000E9613046296A04F031F9624CE16E04F048
:1057000033F90746E969206F04F02EF98046A06E50
:10571000314680F0004004F027F9414604F01EF9BC
:10572000394604F01BF95B492E62A861496811F003
:10573000FF4F06D15849496811F0FF4F01D10021B0
:10574000E961BDE8F0812DE9F047081A04F010FB8B
:10575000524C074601466062E06A04F0ADF85049D9
:10576000E062884202DC4F49884200D9E162484841
:10577000444D00788035B8B3012855D0022838460A
:1057800062D004F021FBFEF7F9FE04F0FAFAA96AF0
:1057900004F0EAF8616A894604F0E6F807464846EC
:1057A000216B04F0DBF8296A04F0DEF80646E16AB2
:1057B000686A04F0D9F88046E869494680F00040FC
:1057C00004F0D2F8414604F0C9F8314604F0C6F8B6
:1057D000394604F0C3F8A062606A20632D4840682F
:1057E00010F0FF4F60D066E0FFE7384604F0ECFAB7
:1057F000FEF7C4FE04F0C5FA296804F0B5F8616A42
:10580000894604F0B1F807464846216B04F0A6F833
:105810001C4DA96F04F0A8F80646E16AE86F04F091
:10582000A3F88046686FC8E73846216B04F096F805
:10583000A96804F099F806466868394680F0004087
:1058400004F092F83146C4E704F0BEFAFEF796FE83
:1058500004F097FAA96904F087F8616A894604F0B0
:1058600083F807464846216B04F078F8296904F06C
:105870007BF80646E16A686904F076F88046E868D5
:105880009BE711E01001002000007A4400007AC478
:105890002F00002060080020700800201002002067
:1058A00000409C4500409CC53B48406810F0FF4FBD
:1058B00001D10020E062A06A07E72DE9F0478A469F
:1058C000814604F04EF8354C80460146E06B03F00B
:1058D000F3FF3349E063884202DC3249884200D951
:1058E000E16331482D4D514606782C48803D076CC8
:1058F000484604F036F8394604F030F8012E1ED040
:105900004EB3022E33D0696D04F02EF80646E16BDB
:10591000A86D04F029F807464146286D04F024F8E4
:10592000394603F0C9FF314603F0C6FFC4F8408092
:10593000A0631E48406810F0FF4F24D02AE0296B76
:1059400004F012F80646E16B686B04F00DF80746A8
:105950004146E86AE2E7E96B04F006F80646E16BC7
:10596000286C04F001F807464146A86BD6E7A96CFD
:1059700003F0FAFF0646E16BE86C03F0F5FF07461B
:105980004146686CCAE70448406810F0FF4F01D1F7
:105990000020E063A06B98E6700800201002002051
:1059A00000409C4500409CC52F000020600800205E
:1059B0002DE9F04FE04E8FB0B08804F0F8F9DF4DDC
:1059C00000222B4604F065F904F05DFA0446708D60
:1059D00004F0EDF900222B4604F05BF904F053FAD1
:1059E00006463021684603F04FFFD54F2046394622
:1059F00003F0B4FFD34DDFF850930446A84203D31D
:105A0000494603F059FF04463946304603F0A6FFE5
:105A10000746A84203D3494603F04EFF0746014616
:105A2000204604F057FA04D24946384603F044FFB2
:105A3000074600263846214603F090FF04F010FA8E
:105A4000C24B002204F025F9CDE90C01204604F0F8
:105A500007FADFF8FCA2BF4D83464FF001086C4601
:105A60000E91304604F0A3F902460B46DDE90C0125
:105A700004F09DF802460B4658460E9903F0F0FFDD
:105A800004F001FA494644F82600884209DDDAF8B4
:105A9000003013B9CAF800802E6003F05FFF44F8AD
:105AA0002600761CB6B20C2EDBD3AB48AB49DFF830
:105AB000B4E280F80080AA484FF0000B3844DFF8C9
:105AC000A89281F800B00EF14806B0F5004F04D856
:105AD0000C20CAF80080286002E0DAF80000E8B381
:105AE00029680020944BD9F8005011E02A1802EBE5
:105AF000420206EB420254F820C0C2F802C000EB9A
:105B0000400C9C44401CBCF806C0A2F800C080B207
:105B10008842EBDB944A6818814610600020F44606
:105B2000C1F10C070FE0451800EB400254F8256066
:105B30000CEB420205EB45051D44C2F80260ED88FE
:105B4000401C158080B28742EDDC864940F6D812B1
:105B5000483101F6D81003F07EFE00E00DE0834AE4
:105B600083488149C2F8009080F80080CAF800B0EC
:105B7000C1F800B00FB0BDE8F08FDFF8F48100216C
:105B800098F80000F0B12A680020F246C2F10C0239
:105B90000DE000EB40070AEB470306EB4707D3F89D
:105BA00002C0C7F802C01B88401C3B8080B2824202
:105BB000EFDC88F800B0D9F800703A44C9F800204A
:105BC000C5F800B0D9F8000054F82120084400EBD3
:105BD000400006EB400001EB4103C0F80220564AAA
:105BE000491C1A4489B2D28802800C29C8D3D9F83A
:105BF00000000C30C9F80000BCE72DE9F0415D4C15
:105C000040F2255529462046FBF72AFF00284FD0B1
:105C100029462046FBF743FF2046FBF7BAFE564CC9
:105C20000025454A2178554B0326C0B2052951D994
:105C30002A2921D2B1FBF6F506FB151575B1B1FB8A
:105C4000F6F506FB1515012DA5780DD005EB4506DB
:105C500032446D1C1072A570491C26E0A57805EB36
:105C600045052A44D080F7E705EB45052A44D58849
:105C700005EB0025D580EFE72A39052918D2DFE8A2
:105C800001F003060C0F190050852B210DE0518DFA
:105C900001EB002151852C2107E090852D2104E0A6
:105CA000918D01EB002191852E21217031E06070F2
:105CB000BDE8F08182F82E006178884202D1FFF7BA
:105CC00077FE03E02F211C4803F0DEFD6570257090
:105CD000A570EDE70629EBD2DFE801F0030C191FF0
:105CE0002528542808D1107001202070607880F099
:105CF00054000AE02C2802D025706570D8E7507057
:105D000002202070607880F02C00185CCFE7508073
:105D1000267061784140585CC9E7518801EB002149
:105D200051800421C1E790800521BEE7918801EBF5
:105D3000002191800621B8E7AA1C002000005940EC
:105D400000003443000080800000B4430000254080
:105D50003C0000204000002050000020A600002051
:105D600000804CBCB2080020380000203400002025
:105D700032000020005000405402002080C600087D
:105D80002DE9F84301211420FAF73FFF01210420F7
:105D9000FAF73BFF01210C20FAF737FF01210C2015
:105DA000FAF733FF0224DFF81C94ADF800402825F1
:105DB0008DF8035069464846FAF73FFDA003ADF859
:105DC000000010268DF803608DF802406946FE48F9
:105DD000FAF733FD0420ADF800008DF80350694652
:105DE0004846FAF72AFDE702ADF800708DF8036027
:105DF0008DF8024069464846FAF71FFD0820ADF8C5
:105E000000008DF8035069464846FAF716FD200356
:105E1000ADF80000DFF8B4838DF803608DF8024020
:105E200069464046FAF709FDA002ADF800008DF87A
:105E3000035069464846FAF700FDADF800708DF84A
:105E400003608DF8024069464046FAF7F6FCBDE86B
:105E5000F8832DE9F0410D460646012186B008463B
:105E6000FAF7DCFE0121C802FAF7CFFE0024ADF8F4
:105E70001060ADF80C504FF08048ADF81240ADF80E
:105E80000E4003A94046FAF7A7FFD14FADF81060C6
:105E9000ADF80C50ADF81240ADF80E4003A93846ED
:105EA000FAF79AFF0420ADF800000125ADF8045080
:105EB000ADF80240ADF80640ADF8084069464046EE
:105EC000FBF742F90820ADF80000ADF80450ADF83A
:105ED0000240ADF80640ADF8084069464046FBF781
:105EE00033F90C26ADF80060ADF80450ADF802406F
:105EF000ADF80640ADF8084069464046FBF724F986
:105F0000ADF80060ADF80450ADF80240ADF80640C1
:105F1000ADF8084069463846FBF716F901221D2105
:105F20004046FBF716FA012211213846FBF711FA19
:105F300001214046FBF7F8F901213846FBF7F4F957
:105F400006B0BDE8F08138B51C208DF800000124B2
:105F50008DF8014002258DF802508DF80340684607
:105F6000FAF7B5F91B208DF800008DF801408DF887
:105F700002508DF803406846FAF7A9F919208DF808
:105F800000008DF801408DF802508DF803406846FE
:105F9000FAF79DF938BD70B50C460546FFF7F0FEDF
:105FA000FFF7D1FF21462846BDE8704051E738B5DC
:105FB00001210420FAF729FE01210420FAF725FE29
:105FC0000820ADF800007F4D28248DF80340694675
:105FD0002846FAF732FC0421ADF800108DF8034092
:105FE00069462846FAF729FC38BD70B50D460446C7
:105FF000012186B00846FAF711FEADF810400024E2
:10600000ADF80C504FF08046ADF81240ADF80E40A0
:1060100003A93046FAF7E0FE0820ADF8000001259C
:10602000ADF80450ADF80240ADF80640ADF80840B8
:1060300069463046FBF788F80C20ADF80000ADF853
:106040000450ADF80240ADF80640ADF8084069468E
:106050003046FBF779F8012219213046FBF779F930
:1060600001213046FBF760F906B070BD08B51C2071
:106070008DF8000001208DF801008DF802008DF8E8
:1060800003006846FAF723F908BD70B50C460546CB
:10609000FFF78DFFFFF7EAFF21462846BDE8704075
:1060A000A3E72DE9F0414B4D01270024A888401CAF
:1060B00080B2A880142811D1474EC6F8BC710F20B9
:1060C00006F5DE76FBF725FF3460444EC6F8B07166
:1060D0000F2006F5D876FBF71CFF3460A888282827
:1060E0000ED13F4EAC80C6F8B4710F2006F5D876BD
:1060F000FBF70FFF746037600F20FBF70AFF346077
:1061000038494FF4FA600A7852B10B894A6802EBB9
:1061100003424FF4AA735A43B2FBF0F2EA800C70C8
:1061200030490C310A7852B10B894A6802EB0342BC
:106130004FF4AA735A43B2FBF0F22A810C7029493A
:1061400018310A7852B10B894A6802EB03424FF4C6
:10615000AA735A43B2FBF0F26A810C7021492431D0
:106160000A78002A0AD00B894A6802EB03424FF4EE
:10617000AA735A43B2FBF0F0A8810C70E1E62DE956
:10618000F047144D012600246869B0F5C86F09DD99
:106190001548017831B90670144804701448047029
:1061A000144804700F4F4FF4FA793C374FF0804891
:1061B0003878E8BB01214046FBF7DFFAE8B13889BF
:1061C000401C19E00008014000100140000C014093
:1061D000002C014058020020000022420000214211
:1061E00000802142DC1C0020450000202900002006
:1061F000280000202A000020388108214046FBF7B3
:10620000BCFAA8B178780028404614D0FBF7A2FA6F
:106210007968401A2861E969401A00D5404248452A
:1062200013DD2878401CC0B2287005280DD800E086
:1062300017E029610AE0FBF78DFA78603C810221C2
:106240004046FBF7D9F97E7007E02C702869E861B9
:1062500000214046FBF7D0F97C7008214046FBF74F
:1062600098FA544F387878BB01214046FBF785FAFD
:1062700010B13889401C388110214046FBF77DFA67
:1062800010B37878A0B146464046FBF765FA7968C6
:10629000401A6861296A401A00D54042484514DD19
:1062A0006878401CC0B2687005280ED869610DE09E
:1062B00045464046FBF750FA78603C81022128466B
:1062C000FBF7AEF97E7008E00BE06C70686928623D
:1062D00000213046FBF7A4F97C7010214046FBF703
:1062E00058FA4046BDE8F0471921FBF752BA70B59D
:1062F000304D314E18352878B0BB10213046FBF7B1
:106300003CFA88B3687800240028304614D0FBF7A4
:1063100023FA6968401A294988614A6A801A00D5B7
:106320004042B0F5FA7F12DD8878401CC0B2887018
:1063300005280CD88A610BE0FBF70EFA68602C8107
:1063400002213046FBF76CF90120687008E08C7080
:106350008869486200213046FBF762F96C702C7046
:1063600010213046FBF715FA3046BDE87040102189
:10637000FBF70FBA70B50F4C0F4D1834207838B9B1
:1063800001212846FBF7F9F910B12189491C218127
:10639000084C2434207838B901212846FBF7EDF960
:1063A00010B12089401C20812846BDE870400121A1
:1063B000FBF7EFB90C1D0020002C01405802002013
:1063C000F8B501211420FAF720FC1020ADF80000E8
:1063D00000248DF803406946FE4E3046FAF72DFA48
:1063E0002025ADF800508DF8034069463046FAF795
:1063F00024FAADF800508DF803406946F648FAF7E4
:106400001CFABDE8F84000F058B9F8B50121142095
:10641000FAF7FBFB1024ADF80040EE4F8DF8034077
:1064200002268DF8026069463846FAF706FA2025FA
:10643000ADF800508DF803408DF80260694638468B
:10644000FAF7FBF9ADF8005000208DF8030069461B
:10645000E148FAF7F2F9BDE8F84000F07BB9F0B591
:10646000DE480021007801281ED1DD4CDD4B0020E4
:106470004FF0937640F2BB254FF4C37700EB400218
:1064800003EB4202D2F802C0A444B44505D91288F5
:10649000521EAA4201D2491CC9B2401CB842EDDBCF
:1064A000032901D90120F0BD0020F0BD70B5042002
:1064B000FCF79EF8CC4CE0600520FCF799F82061D1
:1064C0000F20FCF795F86061216901EBC10202EB36
:1064D0000113E26802EB8305C72303FB0053114459
:1064E000084493FBF0F0A061FFF7B9FFBF4EC04D29
:1064F00048B1C0480078D0B10020FBF79BFB0020DA
:106500003060286070BDBC4800683060BB480078CF
:1065100058B1012809D06421A069FFF714F9286057
:10652000BDE870400020FBF785BB5C21F4E76420E8
:10653000E3E70020401C0A28FCDB70472DE9F04708
:106540000025AF4E2C462946C6F89451C6F8905106
:1065500006F5C876FFF7EDFF01273760FFF7E9FF83
:106560007160FFF7E6FF7760FFF7E3FF3160A6F5A4
:10657000C876FFF7DEFFDFF88C928846C6F8948174
:10658000FFF7D7FF0F20FCF733F8010929F81410A3
:10659000641CE4B2C6F89471FFF7CBFF6D1CEDB23A
:1065A000802DEBD3BDE8F08770B5964B8E4C05255A
:1065B0001A88228125702078268933F81010B1427C
:1065C00000D32181401CC0B220707B28F3D36281AC
:1065D00025702078628933F81010914200D86181CB
:1065E000401CC0B220707B28F3D320896189084405
:1065F000C0F34700A0710F212170CAB233F8121006
:10660000814212D903EB42014D8885420DD98D8814
:1066100085420AD9CD88854207D20D89854204D2A8
:106620004989814201D2A27004E0521CD1B221708A
:106630007629E2D376216170CAB233F81210814212
:1066400012D203EB42014D8885420DD28D888542DE
:106650000AD2CD88854207D90D89854204D9498956
:10666000814201D9E27004E0521ED1B261700F295B
:10667000E2D8E078A1780844400860712179401A96
:10668000FDF77CFF5A2801D920796071607920716B
:1066900070BD10B5FFF752FFFFF786FF5A48534908
:1066A000006808605048407903F06BFB4FF085416B
:1066B000FFF703F94E49086010BD10B5012186B0FF
:1066C0004802FAF7A2FA514C2046F9F753FE00218E
:1066D0004FF46020CDE902018DF8041001200091F3
:1066E0008DF805108DF8100069462046F9F75EFE1A
:1066F0004FF40040FAF71DFA072301220421204637
:10670000F9F7D4FE0723012205212046F9F7CEFE32
:10671000072301220F212046F9F7C8FE00224FF47B
:1067200008712046F9F77EFE01212046F9F766FE42
:106730002046F9F780FE2046F9F782FE0028FAD1BC
:106740002046F9F784FE2046F9F786FE0028FAD1A4
:1067500006B010BD10B5012186B04802FAF755FA0F
:106760002A4C2046F9F706FE00214FF46020CDE9BF
:1067700002018DF80410012000918DF805108DF8AC
:10678000100069462046F9F711FE4FF40040FAF771
:10679000D0F9072301220F212046F9F787FE0022B6
:1067A0004FF408712046F9F73DFE01212046F9F724
:1067B00025FE2046F9F73FFE2046F9F741FE002866
:1067C000FAD12046F9F743FE2046F9F745FE0028A6
:1067D000FAD1BDE70008014000100140EC000020A4
:1067E000000090BDD212002080020020C0000020D6
:1067F000C400002044000020F40000202F000020EE
:10680000000021423C1D0020F00000200024014037
:10681000F8B5FA4C0023224694F82460D2E900121D
:106820005D1E56B190B102200DE01078C97B6B4619
:10683000012202F06FF960B90DE0A67A4EB128B1DD
:10684000607C58B901208DF80000EEE78DF800302B
:10685000EBE72846F8BD9DF8000060740020F8BD05
:1068600038B50024E54D12E02868C27AA2420CD067
:10687000407DA04209D008786B460122214602F0F3
:10688000A5F910B14FF0FF3038BD641CE4B269685F
:106890000879A042E8D8002038BDD84A30B40B4669
:1068A00011684FF0FF34CD7A854206D0497D814290
:1068B00003D051680A79824202D8204630BC704722
:1068C0000C780146204630BC012202F07FB938B571
:1068D000CA4D044695F82300A04201D1002038BDDE
:1068E0000CB1302000E000208DF80000A87C28B119
:1068F0009DF8000040F002008DF8000095F822009D
:1069000028B19DF8000040F080008DF80000286854
:106910006B460122017D6868007802F0FBF810B137
:106920004FF0FF3038BD85F82340D7E7F8B504466F
:1069300010F0700F4FF0000601D0012004E014B1F8
:106940008DF8006002E040208DF80000AB4D6B46F2
:1069500001222868817C6868007802F0DBF84FF03B
:10696000FF3760BB9DF8000020F0400028738DF8D1
:106970000060600602D404208DF80000A00605D453
:106980009DF8000040F002008DF80000E00605D4FC
:106990009DF8000040F001008DF80000200705D4AC
:1069A0009DF8000040F038008DF8000028686B4624
:1069B0000122C17C6868007802F0ACF810B1AE72B8
:1069C0003846F8BD24B1082C02D00020FFF77FFF25
:1069D000AC722E753220FBF7B4FA0020F8BDF8B582
:1069E000864D0446A87CA04201D10020F8BD834812
:1069F0004FF0FF366B46D0E900104FF001020979E5
:106A0000007834B302F0E2F8D8BB9DF800006B4682
:106A100020F020008DF800002868012201796868C4
:106A2000007802F077F860BB0320FBF78AFA0220B7
:106A30008DF8000095F8220070B382202AE02868C3
:106A40006B460122017D6868007802F063F8C0B9E6
:106A50002DE002F0BBF8A0B9A87AC0079DF80000AD
:106A600002D040F0200001E020F020008DF800006E
:106A700028686B46012201796868007802F04AF8BC
:106A800008B13046F8BD0320FBF75BFA95F8220009
:106A900000B180208DF8000095F823000028CED0AA
:106AA0009DF8000040F030008DF80000C7E7AC749E
:106AB0009BE7F8B5514D4FF0FF36A87A00287CD0FF
:106AC00000248DF8004028686B460122C17B68686D
:106AD000007802F01FF800286FD128686B46012269
:106AE00041796868007802F015F8002865D12868B7
:106AF0006B46012201796868007802F00BF80028E3
:106B00007AD195F82400C8B30C208DF800002868CD
:106B10006B46012201796868007801F0FBFF0028CC
:106B20006AD1C0208DF80000A87AC00702D0E0200A
:106B30008DF8000028686B460122017968680078AA
:106B400001F0E8FF002857D1687C18B102208DF8C9
:106B5000000001E08DF8004028686B460122C17BEF
:106B60006868007801F0D6FF38BB8DF800402868CF
:106B70006B46012241796868007839E0FFE704201C
:106B80008DF8000028686B4601220179686800785A
:106B900001F0C0FF88B9A87C80B9A87AC0070DD0E1
:106BA00060208DF8000028686B4601220179686832
:106BB000007801F0AFFF00B902E01DE04020F0E7EF
:106BC000687C18B101208DF8000001E08DF80040CC
:106BD00028686B460122C17B6868007801F09AFF43
:106BE00050B92868054B0122417968681033007854
:106BF00001F090FF002800D03046F8BD9C02002034
:106C00002DE9F041FF4D20F00104002695F8240005
:106C100010B10020BDE8F081A87A4FF0FF3838B1FC
:106C200020402F7C2874A04200D0464624B901E0C1
:106C30004046EFE7287D40B10120FFF7E9FD3CB178
:106C4000FFF737FF20B12F74F2E70020FFF7E0FDD8
:106C50003046DFE738B5EB4C4FF0FF35A17A31B362
:106C6000BC2801D3012010E0622801D302200CE0EF
:106C70002A2801D3032008E0142801D3042004E0CB
:106C80000A2801D3052000E006208DF80000E07AF4
:106C90009DF80010884201D1002038BD20686B4665
:106CA000012281786068007801F034FF08B128463D
:106CB00038BD9DF80000E072EEE72DE9F843044688
:106CC0004FF0FF39282844D80727CE4D00267CB145
:106CD0000120FFF7FCFD20208DF800004FF0010897
:106CE000012C17D0052C18D88DF8018005201FE045
:106CF0000020FFF7ECFD8DF800608DF8017028682A
:106D00006B460222817C6868007801F003FF00BBBB
:106D10002E7529E08DF80160E8E7142C04D80220D4
:106D20008DF801000A2003E003208DF801001420F3
:106D3000FFF790FF9DF801006B4607EB80108DF880
:106D4000010028680222817C6868007801F0E2FE78
:106D500010B14846BDE8F8830820A8722E7385F864
:106D600014800020FFF74CFF0020F3E7F8B5A54D95
:106D700004464FF0FF37A87A28B395F8240010BBDB
:106D8000287D48B12CB1282C03D8E0B2FFF795FF3D
:106D900024E00020FFF791FF4FF47A76042C01D213
:106DA000042402E0B44200D93446B6FBF4F0401E9D
:106DB0008DF8000028686B460122417868680078E9
:106DC00001F0A8FE08B1384617E79DF80000401C06
:106DD000B6FBF0F0E8814008FFF73CFF00200CE72D
:106DE00038B5884C4FF0FF35A17A19B3022806D088
:106DF000042806D008280ED010281BD10DE0002052
:106E000000E008208DF80000607A9DF80010B0EBDB
:106E1000D10F04D005E01020F4E71820F2E700209D
:106E200038BD20686B460122C1796068007801F0A6
:106E300071FE08B1284638BD9DF80000C008607298
:106E4000EDE738B56F4C4FF0FF35A17A31B3FA2832
:106E500009D0B0F5FA7F08D0B0F57A7F0FD0B0F541
:106E6000FA6F1BD10DE0002000E008208DF8000033
:106E7000207A9DF80010B0EBD10F04D005E010206F
:106E8000F4E71820F2E7002038BD20686B460122A5
:106E900081796068007801F03DFE08B1284638BD70
:106EA0009DF80000C0082072EDE72DE9FC41554C2B
:106EB00080208DF8000020686B460122817C60688C
:106EC000007801F027FE4FF0FF37002832D1642010
:106ED000FBF737F800258DF8005020686B4601223B
:106EE000817C6068007801F015FE002870D1206870
:106EF0006B460622817D6068007801F067FE0028FD
:106F000066D19DF805009DF80310C007400F01F001
:106F1000010140EA41019DF801004FF0010600F037
:106F20000100014309D0012905D0022915D036A05E
:106F300003F0BCF94CE0E67410E020686B460122D7
:106F4000C1786068007801F041FE40BB9DF8000008
:106F500010F00F0020D0042822D0E574FF2004F8A0
:106F60000A0F4FF6FF7104F8020C04F8010C607070
:106F7000A180A0712072A67026766576E572A57252
:106F8000E56025616561A576E576A5834FF4FA6035
:106F9000FFF757FF18B907E0254803F087F917E016
:106FA00024A003F083F9C6E70220FFF719FF78B9A0
:106FB0002A20FFF74FFE58B93220FFF7D7FE38B925
:106FC0000020FFF71DFE18B90020FFF708FD10B1E3
:106FD0003846BDE8FC810020FFF7A8FC0020F8E758
:106FE00070477CB5044607484FF0FF35817A11F0B1
:106FF000700F32D0016840686B46097B007806222A
:1070000028E000009C020020556E737570706F724E
:1070100074656420736F6674776172652070726F37
:1070200064756374207265762025642E0A00000062
:1070300068D6000848616C662073656E7369746970
:1070400076697479207061727420666F756E642E33
:107050000D0A000001F0BAFD08B128467CBDBDF85C
:10706000000040BA2080BDF8020040BA6080BDF840
:10707000040040BAA08000207CBD7CB50446FE48D8
:107080004FF0FF35817A090708D5016840686B46E3
:10709000497B0078062201F099FD08B128467CBDA5
:1070A000BDF8000040BA2080BDF8020040BA608000
:1070B000BDF8040040BAA08000207CBDF8B5EE4CBD
:1070C00007464FF0FF35A07A40B120686B46022298
:1070D000817B6068007801F079FD08B128468CE575
:1070E000BDF80000646840BA05B2E08802F049FECD
:1070F0000646B4F9080002F03BFE0446284602F0BA
:1071000037FE214602F02AFC314602F05FFCDB49E3
:1071100002F0D2FB102102F097FC02F055FE38601D
:1071200000206AE52DE9FC4104004FF0FF3862D0F1
:10713000206820B9606810B9A06800285CD0CE4FE4
:1071400003226B4678681146007801F03FFDE0BBF2
:107150009DF80010082000EB111101F00F029DF8BE
:1071600001109DF8023000EB111100EB13102368A1
:1071700040325B0093FBF2F216B2626801F00F013D
:107180005200403192FBF1F10DB2A16800F00F0006
:107190004900403091FBF0F004B2786806226B465B
:1071A0000078114601F012FD78B9BDF80000BDF875
:1071B000021040BABDF80420304449BA52BA030A5A
:1071C000294422448DF8003000E014E08DF80100DD
:1071D000080A8DF80200100A8DF804008DF80310DB
:1071E0008DF80520786806226B460078114601F07C
:1071F00091FC002800D04046EBE69F49097A39B15E
:10720000012907D002290AD003290BD0002103E06D
:10721000FA2101E04FF4FA710180002070474FF429
:107220007A71F9E74FF4FA61F6E7934A517A41B17E
:10723000012908D002290FD003290FD04FF0FF30C9
:107240007047022100E004210170D17C11B1017866
:1072500049000170002070470821F5E71021F3E78D
:107260008549C97A072913D2DFE801F01204060A1A
:107270000C0E1000BC2100E062210180002070474C
:107280002A21FAE71421F8E70A21F6E70521F4E7B5
:107290000021F2E7784991F8242012B14FF0FF3035
:1072A0007047C98901800020704700210180481E75
:1072B00070474FF0FF3070476F49097A41B101299B
:1072C00008D002290AD003290AD04FF0FF307047B6
:1072D0006B4900E06B490160002070476A49FAE79A
:1072E0006A49F8E7644A517A41B1012909D0022973
:1072F00011D0032912D04FF0FF3070474FF4804176
:1073000001E041F69C710180D17C11B101884908EE
:107310000180002070474FF48051F4E74FF4006182
:10732000F1E75549097C0170002070475249897A7C
:1073300001B1012101700020704738B505464E4863
:107340004FF0FF34817A41B1016840686B46097C97
:107350000078022201F03AFC08B1204638BDBDF8A1
:10736000000040BA2880002038BD2DE9FE4F884635
:1073700041498146002491F824001E4625464FF0DD
:10738000FF3BD0BB00203070887AB0B3087CA0B33C
:10739000420600D50224820600D5A41CC20600D5F0
:1073A000A41C000700D5A41D8A460968DAF8040069
:1073B0006B46897A0078022201F008FCE8B9BDF832
:1073C000000047BAA74263D3DAF804004188B7EB5C
:1073D000510F13D9DAF8001000786B46497C01226E
:1073E00001F0F4FB48B99DF80000C00606D5FFF790
:1073F00060FB6FF00100BDE8FE8F0AE0DAF80010D4
:10740000DAF804006B46C97A0078224601F0DEFB08
:1074100008B15846EFE7B7FBF4F00C99401E08702E
:1074200000203070A4B39AF8101050460A0769463D
:1074300013D5BDF80020062552BAA8F80020BDF8E3
:10744000022052BAA8F80220BDF8042052BAA8F8C7
:107450000420327842F008023270A5421AD0027C31
:10746000520617D54A19128852BAA9F80020327864
:1074700042F0400232700CE09C02002000000C42FE
:10748000000003430000834233330342333383411C
:107490001EE0AD1CA5420CD0027C920609D54A190B
:1074A000AD1C128852BAA9F80220327842F02002AC
:1074B0003270A5420CD09AF81000C00608D54819C1
:1074C000008840BAA9F80400307840F0100030700D
:1074D000002090E72DE9F843FA4E0546174696F846
:1074E000240089464FF0FF3888B3B07A78B330680B
:1074F0006B460222817A7068007801F067FB30BB2E
:10750000BDF8000044BAAC4202D2002038701EE040
:1075100070684188B4EB510F10D9316800786B4620
:10752000497C012201F052FB88B99DF80000C00699
:1075300004D5FFF7BEFA6FF001000BE43068EAB241
:107540004B46C17A7068007801F040FB08B14046B4
:107550000BE4B4FBF5F0401E3870002005E4D94977
:1075600081F82200002070472DE9FE4F05460120DA
:10757000D44E8DF800004FF000088DF8018030687F
:107580000C461746817C70686B460222007801F039
:10759000C1FA4FF0FF3A00287AD1C820FAF7D1FC9F
:1075A0008DF8008030686B460122C17B70680078DE
:1075B00001F0B0FA0028EFD130686B460122417922
:1075C0007068007801F0A6FA0028E5D130686B46B3
:1075D0000122817C7068007801F09CFA0028DBD1E0
:1075E00030686B460122C17D7068007801F092FA24
:1075F0000028D1D130686B4601220179706800788B
:1076000001F088FA0028C7D14FF00C098DF80090DE
:1076100030686B46012201797068007801F07AFACF
:10762000002835D10F20FAF78CFCB06A6B46012296
:10763000407A8DF80000306881787068007801F039
:1076400069FA002824D1B06A6B460122007A8DF8CD
:107650000000306841787068007801F05BFA00281B
:1076600073D1B06A807A0FB140F0E0008DF800006D
:1076700030686B46012281797068007801F04AFA1F
:10768000002862D12FB1B06AC07A40F0E00001E07A
:107690004AE018208DF8000030686B460122C1795D
:1076A0007068007801F036FAF0BB17B1C820FAF71D
:1076B00048FC40208DF8000030686B4601220179BB
:1076C0007068007801F026FA70BB78208DF8000011
:1076D00030686B46012241797068007801F01AFA2F
:1076E00010BB3220FAF72DFC8DF800803068474639
:1076F0006B46417970680122007801F00BFA98B965
:1077000031687068B046897A00786B46022201F0D1
:107710005DFA48B9BDF80000AF6040BAB0FBF9F0BF
:107720006F60C6B22F6000E00FE0A760676027605F
:10773000002738E0D8F80010D8F804006B46C97A62
:1077400000780C2201F042FA08B1504653E6BDF829
:107750000000236840BA02B2BDF802001A4440BAE1
:1077600001B2BDF804002260626840BA1144616051
:10777000A16800B20844A060BDF806002B6840BABA
:1077800002B2BDF808001A4440BA01B2BDF80A00BE
:107790002A606A6840BA11446960A96800B2084466
:1077A0007F1CFFB2A860B742C4D328688322C117E8
:1077B000090441EA10410004002302F01BF832469C
:1077C000002302F017F8286068688322C1170904B3
:1077D00041EA10410004002302F00CF83246002375
:1077E00002F008F86860A8688322C117090441EA1A
:1077F00010410004002301F0FDFF3246002301F098
:10780000F9FFA86020684FF40065C117090441EA38
:10781000104100042A46002301F0ECFF3246002309
:1078200001F0E8FF206060682A46C117090441EAB8
:1078300010410004002301F0DDFF3246002301F077
:10784000D9FF6060A0682A46C117090441EA1041C7
:107850000004002301F0CEFF3246002301F0CAFFEE
:10786000A060002802DDA0F5803001E000F5803046
:10787000A0600020BFE538B5124C94F82410814276
:107880001DD00025E8B194F82500E8B10020FEF7EE
:10789000BFFF0020FFF7A3F8E08CFFF767FA8DF831
:1078A000005060686B4601220078232101F032F914
:1078B000012084F82400FEF7ABFFFFF7FAF8002060
:1078C00038BD04E09C0200204FF0FF30F8E70020B4
:1078D000FEF79EFF207C8DF8000060686B46012259
:1078E0000078232101F016F984F82450E5E72DE90A
:1078F000F047FA4E82468AB096F824000F4620B12F
:107900000020FFF7B8FF012500E0002507A8FFF7DA
:1079100074FC06A8FFF789FC09A8FFF7A1FC08A8DA
:10792000FFF7B8FC96F80A9096F810800024002221
:1079300039465046FFF718FE10B1641C022CF6DBE6
:10794000022C1AD00024012203A96846FFF70CFE7E
:1079500010B1641C022CF6DB022C0ED003A93846B1
:1079600000F0BEF9C7B26946504600F0F0F910F0D9
:10797000FF0F4FF0000402D002E0002403E00124D6
:107980000FB944F00204FF2030727072F0724FF6AB
:10799000FF71F181B072307401203073BDF81C00AA
:1079A000FFF74FFA9DF81800FFF71AFABDF8240008
:1079B000FFF750F9BDF82000FFF7D8F94846FEF769
:1079C000B5FF4046FFF71CF915B10120FFF753FF43
:1079D0000AB02046BDE8F087F8B517000D464FF015
:1079E000FF341FD0BD4EB17AE1B1010A8DF800100D
:1079F000C0B28DF80100411970684289914211D8D6
:107A0000316800786B46097E022201F083F848B99C
:107A10003068EAB23B46417D7068007801F07AF840
:107A2000002800D02046F8BDF8B517000D464FF0ED
:107A3000FF341FD0A94EB17AE1B1010A8DF80010D0
:107A4000C0B28DF80100411970684289914211D885
:107A5000316800786B46097E022201F05BF848B974
:107A60003068EAB23B46417D7068007801F0AEF8BC
:107A7000002800D02046F8BD2DE9FF4FDFF85CA2BA
:107A8000054685B09AF82500914688464FF0FF3BA1
:107A9000C0BBB8F1000F35D000241FE0281B102810
:107AA00000DD102086B208EB04073A463146204636
:107AB000FFF792FF30BB6A4631462046FFF7B4FF1E
:107AC00000BB38463246694601F0E9FE20B16FF04E
:107AD000010009B0BDE8F08FA01984B2AC42DDD33B
:107AE0004FEA19208DF810008DF81190DAF8000097
:107AF000544604AB817EDAF804000222007801F0DB
:107B000009F808B15846E4E7012084F825000898F0
:107B1000E0840020DDE7714991F824100170002015
:107B200070474FF0FF3070474FF0FF3070472DE93E
:107B3000F84F6A4C0F4604F1160115004FF0FF3B59
:107B40008A464FF000094FF0010877D0B0F5FF5F8B
:107B500001D9FF2605E0202801D2012601E0C0F36B
:107B6000471607B90127282D6AD8607DF0B994F827
:107B7000240028B10020FFF77EFE84F8208001E079
:107B800084F820905046FFF738FB54481830FFF730
:107B90004CFB52481A30FFF763FB50481C30FFF78C
:107BA00079FBA07AA0774D48217CC1770020FEF7B1
:107BB0002FFE0020FFF781F88DF8009020686B46BB
:107BC000012281786068007800F0A4FF002837D196
:107BD00040208DF8000020686B460122C17B606860
:107BE000007800F097FF50BB8DF800608DF80170B1
:107BF00020686B460222017A6068007800F08AFFF4
:107C0000E8B90520FAF79DF9607A072606EBC0006F
:107C10008DF8000020686B460122C1796068007809
:107C200000F078FF58B920208DF80000012D08D011
:107C3000052D0AD840468DF801800DE01DE01FE0BB
:107C400049E048468DF8019006E0142D01D8022045
:107C500000E003208DF80100C0B206EB80108DF823
:107C6000010020686B460222817C6068007800F089
:107C700051FF28B984F8158027E000200A5C3AB348
:107C8000FF2020726072E0724FF6FF71E181A072F6
:107C9000207484F80C80A07FFEF748FEE08AFFF78E
:107CA000D0F8207EFFF79CF8608BFEF7D3FFA08B07
:107CB000FFF75CF8E07FFEF7A3FF94F8200010B117
:107CC0000120FFF7D8FD84F815900020BDE8F88F5B
:107CD000401C0C28D2D35846F8E700009C02002034
:107CE0002DE9FE4F80460F460025684600F08FF8CC
:107CF00000246FF00F0AE946012658F8240057F8CF
:107D00002410401A00D5404202F032F8514601F0EA
:107D10009BFE59F8241011F0FF4F0BD001F056FED6
:107D20004FF07E5101F01AFE604920F00040884279
:107D300005DC07E05E4908445E49884202D306FA42
:107D400004F00543641C032CD7DB2846FEE42DE930
:107D5000F84F824658488946002540686B46032202
:107D600000780D2100F032FF08B10720AEE79DF842
:107D70000000002400F01F008DF800009DF80100B5
:107D80006F4600F01F008DF801009DF802004FF0D3
:107D9000010800F01F008DF802005AF8241059F86D
:107DA0002400081A00D5404201F0E2FF6FF00F01F5
:107DB00001F04AFE0646385DE0B1404ADFF800B106
:107DC00004E05946104601F0CFFD0246385D401EE2
:107DD00010F0FF003855F4D11146304601F0F6FDA1
:107DE0004FF07E5101F0BAFD304920F0004088424A
:107DF00005DC07E033483044B0F1D97F02D908FAF6
:107E000004F00543641C032CC7DB28465EE72DE91C
:107E1000FC47054628486B46042240680D2100783F
:107E200000F0D4FE10B10720BDE8FC879DF80000EB
:107E30001C2101EAD0029DF80300DFF88C90C0F30A
:107E400001131A438DF804209DF80120C0F381032B
:107E500001EAD2021A438DF805209DF8022000F0B5
:107E6000030001EAD20101430024184F8DF80610E7
:107E7000A04601AE305D10B145F8249009E045F808
:107E800024800CE055F82400394601F06DFD45F8DA
:107E90002400305D401E10F0FF003055F2D1641C0C
:107EA000E4B2032CE6D30020BEE70000295C0F3EBD
:107EB000666666C19A99D9009C0200200000C841FC
:107EC00054E3853F0000E0BE7B14AE3E1D5A843F64
:107ED000C8234FF48062FE4940F6F630FFF7CCBD70
:107EE0002DE9FF410446FBA002AB00680290FAA016
:107EF00000680390F9A00668F9A0056804F0030083
:107F0000195C8DF80010C4F3C1015A5C8DF8012092
:107F1000C4F381129B5C8DF8023003AB185C8DF8C2
:107F20000400585C8DF80500985C8DF806006A46E0
:107F3000032140F22640FFF74FFD4FF0FF37E0BB33
:107F400001AA032140F22A40FFF746FDA8BBCDE974
:107F5000006560070BD59DF8000040F001008DF82A
:107F600000009DF8040040F001008DF80400A00618
:107F70000BD59DF8010040F001008DF801009DF83F
:107F8000050040F001008DF80500E0050BD59DF8D7
:107F9000020040F001008DF802009DF8060040F05C
:107FA00001008DF806006A4603214FF48860FFF750
:107FB00013FD10B901AA032100E004E040F23140B2
:107FC000FFF70AFD18B1384604B0BDE8F081C54896
:107FD00004810020F8E7F8B5C249098901F00302DD
:107FE00050F822404A0700D56442C1F3C10250F85C
:107FF00022308A0600D55B42C1F3811250F822205C
:10800000C80500D55242B84984FB0140850045EAC5
:10801000947083FB014382FB0121950F45EA8105A2
:10802000010E8DF80010010C8DF80110010A8DF879
:108030000210A40F8DF8030044EA83046A46042169
:108040004FF47470FFF7C8FC4FF0FF3688B9200E6C
:108050008DF80000200C8DF80100200A8DF8020038
:108060008DF803406A4604214FF47570FFF7B4FCA5
:1080700008B13046F8BD280E8DF80000280C8DF8A8
:108080000100280A8DF802008DF803506A46042189
:108090004FF47670FFF7A0FCF8BD2DE9FF410546CF
:1080A00003A8FFF71FF9BDF80C00460CC7038D4865
:1080B000018901F0030055F82020480700D55242FD
:1080C000C1F3C10055F82040880600D56442C1F3D1
:1080D000811055F82030C80500D55B42A2FB07157A
:1080E000D01700FB075002FB0600820042EA9170A5
:1080F000A4FB0725E11701FB075104FB06118C00C7
:1081000044EA9271A3FB0745DA1702FB075203FB0F
:108110000622930043EA9472030E8DF80030030C9C
:108120008DF80130030A8DF802308DF80300080E37
:108130008DF80400080C8DF80500080A8DF806007B
:10814000100E8DF80800100C8DF80900100A8DF83B
:108150000A008DF807108DF80B206A460C214FF4A9
:108160002570FFF739FC2FE730B504465FA185B0D5
:1081700007C98DE807004FF0FF35C82C16D8C82076
:10818000B0FBF4F1491E080A8DF80C008DF80D10B3
:1081900003AA022140F21620FFF71EFC30B96A46FE
:1081A0000C2140F6C120FFF717FC10B1284605B09E
:1081B00030BD4C4884810020F9E74A498989018013
:1081C000002070472DE9FC41054640074FF0FF367F
:1081D0007CD0B1F5C86F79D8084601F0D2FD464988
:1081E00001F0F4FB074601A8FFF71FF89DF8040013
:1081F000022806D004280DD008282ED0102865D1DA
:1082000034E00E21384601F01FFC01F0F6FD84B287
:108210003A4907E00D21384601F016FC01F0EDFD6A
:10822000374984B2384601F09FFB01F0E6FD210A90
:108230008DF8001080B28DF80140010A8DF802100F
:108240008DF80300E8076C4620D0224602214FF447
:10825000EA70FFF7C1FBC8BB11E00C21384601F002
:10826000F3FB01F0CAFD84B22649DBE70B21384657
:1082700001F0EAFB01F0C1FD84B22349D2E7A21C60
:1082800002214FF49270FFF7A7FBF8B9A8070DD5AC
:108290006A4602214FF4EC70FFF79EFBB0B9A21CB6
:1082A00002214FF49470FFF797FB78B9680731D536
:1082B0006A4602214FF4EE70FFF78EFB30B9A21C24
:1082C00002214FF49670FFF787FB1FE01FE00000CC
:1082D000D0C700084CCD6C000CC92C003656760077
:1082E000264666003C1E002009E3CA02FEF2ABC42B
:1082F000AAF1DFDFBBAFDFDF0000484300004046EC
:108300000000C045000040450000C04410B13046A8
:10831000BDE8FC810020FBE708B500218DF80010C6
:10832000C10702D030218DF80010810705D59DF8D6
:10833000001041F00C018DF80010400705D59DF8A4
:10834000000040F003008DF800006A4601214FF460
:10835000A470FFF741FB08BD08B560B1042800D93F
:108360000420401E8DF800006A46012140F24F10A3
:10837000FFF732FB08BD0120F3E70521B0FBF1F068
:1083800008B5010A8DF800108DF801006A46022137
:108390004FF4EF70FFF720FB08BD0521B0FBF1F0B3
:1083A00008B5010A8DF800108DF801006A46022117
:1083B0004FF4ED70FFF710FB08BD4FF47A7290FB9D
:1083C000F2F008B54843010E8DF80010010C8DF84D
:1083D0000110010A8DF802108DF803006A4604218D
:1083E0004FF4AE70FFF7F8FA08BD0521B0FBF1F0CD
:1083F00008B5010A8DF800108DF801006A460221C7
:108400004FF4AD70FFF7E8FA08BD0521B0FBF1F0BD
:1084100008B5010A8DF800108DF801006A460221A6
:108420004FF4AC70FFF7D8FA08BD38B504004FF030
:10843000FF3506D06A4604214FF45870FFF7F4FA6E
:1084400008B1284638BDBDF800009DF8021040BABA
:10845000000440EA01209DF803100843206000203A
:1084600038BD08B5010E8DF80010010C8DF8011013
:10847000010A8DF802108DF803006A4604214FF4BA
:108480005870FFF7A9FA08BD38B504004FF0FF3562
:1084900006D06A4604214FF47170FFF7C5FA08B19F
:1084A000284638BDBDF800009DF8021040BA00040F
:1084B00040EA01219DF80300014301EB81008000A7
:1084C0002060002038BD1421B0FBF1F008B5010E8A
:1084D0008DF80010010C8DF80110010A8DF80210C2
:1084E0008DF803006A4604214FF47170FFF774FAA7
:1084F00008BD08B560B120208DF8000028208DF857
:10850000010030208DF8020038208DF8030004E0CF
:10851000A3220421684601F0B0F96A46042140F61E
:108520009E20FFF759FAFEF7C4FA08BD08B560B1FE
:10853000C0208DF80000C2208DF80100C4208DF805
:108540000200C6208DF8030004E08B220421684657
:1085500001F093F96A46042140F69820FFF73CFAAF
:10856000FEF7A7FA08BD0EB54FF4976308B1E9A06E
:1085700000E0EBA007C88DE807006A46092118460D
:10858000FFF72AFA0EBD3EB5044602208DF8000022
:10859000CA208DF80100E3208DF8020009208DF833
:1085A00003006A4604216820FFF716FAA3208DF81D
:1085B0000000610609D5C0218DF80110C8218DF891
:1085C0000210C2218DF8031005E08DF801008DF82E
:1085D00002008DF8030014F4C07F09D0C4218DF887
:1085E0000410CC218DF80510C6218DF8061005E089
:1085F0008DF804008DF805008DF806008DF8080050
:108600008DF807008DF809006A460A2140F6A72078
:10861000FFF7E2F9A0074FF0D80503D020208DF82E
:10862000000001E08DF800506A46012140F6B620B6
:10863000FFF7D2F9A00601D5012000E00020FFF7E6
:1086400092FF14F4C07F1ED0E0050AD5B2208DF849
:1086500000008B208DF80100B6208DF802009B20D1
:1086600009E0B0208DF8000080208DF80100B420D2
:108670008DF8020090208DF803006A46042140F630
:10868000A220FFF7A9F9E0074FF40B6323D0F820ED
:108690008DF800006A4601211846FFF79DF9FA217E
:1086A0000720FFF78FFD0720FFF736FE0120FFF7B9
:1086B00053FE6420FFF761FE4FF4FA70FFF76DFE82
:1086C000C8219A48FFF779FE2820FFF78EFE0A207E
:1086D000FFF79BFE06E08DF800506A460121184620
:1086E000FFF77AF9A00703D5D9208DF8000001E043
:1086F0008DF800506A46012140F23D70FFF76CF999
:10870000600701D5012000E00020FFF70FFFE00621
:1087100001D5012000E00020FFF7EBFE844D44F07E
:1087200008006881FEF7C5F90020A873600601D52E
:108730000620A87314F4C07F02D0A87B801DA87304
:1087400014F0140F02D0A87B1030A873A00702D039
:10875000A87B001DA87300203EBD75494989018092
:108760000020704700B573A187B00EC98DE80E00D8
:1087700073A10DF10C0C0EC98CE80E0040F682239B
:10878000012807D0022803D04FF0FF3007B000BD0A
:108790006A4600E003AA0B211846FFF71DF9F5E72A
:1087A0002DE9FF4F89B01646DDE916520024DFF8A7
:1087B00080810F4681462C80A24698F80E006946BB
:1087C000FEF788FE4FF0FF3B18B158460DB0BDE8EC
:1087D000F08FB8F80A0010F0140F4CD0BDF800105C
:1087E0009DF8022049BA090441EA022C9DF80310C1
:1087F0004CEA010CC6F800C0BDF804109DF8062034
:1088000049BA090441EA02239DF807100B4373603B
:10881000BDF808109DF80A2049BA090441EA02216E
:108820009DF80B201B141143B160BDF80C209DF87E
:108830000E4052BA120442EA04229DF80F40091475
:108840002243F2604FEA2C4612147643494303FB5D
:10885000036302FB021119441024A1F17061B1F10C
:10886000007F04D9FEF725F9A5F800A0ADE7298817
:1088700041F48071298041066A460ED51119A41D64
:108880000B885BBA3B804B885BBA7B80898849BA8E
:10889000B980298841F00801298010F4C07F11D0E7
:1088A0001119A41D0B885BBAA9F800304B885BBA7C
:1088B000A9F80230898849BAA9F80410298841F03A
:1088C00070012980800718D01444E07800F0C005BA
:1088D00000F03F016078C00707D0C80801F0070129
:1088E000D8F80020491C02B190476078000704D5F1
:1088F000D8F8041009B1A80988470C98FEF770FB56
:10890000002063E70A490860002070470849486072
:1089100000207047B8AAB38DB4980D355D000000F3
:10892000B8AAAAAAB088C3C5C700000009E3CA0252
:108930003C1E0020D8B1B9F38BA391B609B4D9007D
:10894000DAB1B9F38BA391B6DAB4DA0008B5012134
:108950000820F8F75AF94FF44040ADF80000102015
:108960008DF8030003208DF802006946FE48F7F7F2
:1089700064FF08BD70B5FC48001D016821F070411E
:108980000160016841F040510160F84C0120C4F8D9
:10899000BC01D4F83C1149B1C4F8B801F9F7B9FAEF
:1089A0000025C4F8BC51D4F83C0108B1002070BDCA
:1089B0000120F9F7AEFAC4F8B851012070BDEA48B9
:1089C00010B5001D016821F070410160016841F09F
:1089D00040510160E54C0020C4F8B801C4F8BC0166
:1089E000012004F5DC74F9F794FA0120206060603E
:1089F000BDE81040F9F78DBA70B5DB480024001DC2
:108A0000016821F070410160016841F0004101609E
:108A1000D64D0126C5F8BC613046F9F77AFAC5F89B
:108A2000B86107E0641CE4B2322C03D9FFF7C7FF3A
:108A3000002070BD0120F9F76CFAD5F83C01002840
:108A4000F0D1C5F8B801012070BD70B5C74C002544
:108A5000C4F8B851C448001D016821F0704101609C
:108A6000016841F040510160C4F8BC51012004F597
:108A7000DC74F9F74EFA01202060F9F74AFA256014
:108A800070BD70B5B94C0026C4F8B861B648001D79
:108A9000016821F070410160016841F040510160BE
:108AA0000125C4F8BC51284604F5DC74F9F731FA05
:108AB00025600120F9F72DFA266070BD2DE9F041FF
:108AC0000546A948001D016821F070410160016858
:108AD00041F040510160A54E0027C6F8B8713C46F0
:108AE0004FF00108E809C6F8BC016806050E012030
:108AF000F9F70FFAC6F8B8810120F9F70AFAC6F8B3
:108B0000B8710120F9F705FA641CE4B2082CE9D326
:108B1000BDE8F0812DE9F0411D4616460C4607469A
:108B2000FFF728FF68B17806000EFFF7C7FFFFF7D1
:108B300063FF40B12046FFF7C1FFFFF75DFF002450
:108B40000BE00120E4E7FFF73AFFFAE7285DFFF7C3
:108B5000B5FFFFF751FF10B1641CB442F6DBFFF71D
:108B60002EFF0020D4E72DE9F04781467E480024FF
:108B7000001D016821F070410160016841F0004171
:108B800001607A4E254627464FF00108C6F8B871B5
:108B90000220F9F7BEF9C6F8B8816006040ED6F8CF
:108BA0003C0108B1641CE4B20220F9F7B2F96D1C73
:108BB000EDB2082DEAD3B9F1000F02D0FFF745FF5F
:108BC00001E0FFF75EFF2046BDE8F0872DE9F041A8
:108BD0001D4614460F460646FFF7CCFEB0B17006A0
:108BE000000EFFF76BFFFFF707FF88B13846FFF76E
:108BF00065FFFFF701FFFFF7BDFE012000EB460018
:108C0000C0B2FFF75BFFFFF7F7FE0DE001207FE743
:108C1000FFF7D5FEFAE7012C0CD00120FFF7A3FFE8
:108C2000641E05F8010BE4B2002CF4D1FFF7C7FE77
:108C300000206DE70020F1E770B50D460446FFF710
:108C400099FE2046FFF73AFFFFF7D6FE2846FFF7CA
:108C500035FFFFF7D1FEFFF78DFE641CE0B2FFF792
:108C60002DFFFFF7C9FE0020FFF77DFF0446FFF749
:108C7000A6FE204670BD2DE9F0411D4616468846E9
:108C800007460024FFF776FE3846FFF717FFFFF789
:108C9000B3FE4046FFF712FFFFF7AEFEFFF76AFE96
:108CA0007F1CF8B2FFF70AFFFFF7A6FE771E09E068
:108CB000BC4201D0012000E00020FFF754FF2855FE
:108CC000641CE4B2B442F3D3FFF779FE20461FE7F9
:108CD0002DE9F0411D461646884607460024FFF759
:108CE00049FE3846FFF7EAFEFFF786FE4046FFF7EB
:108CF000E5FEFFF781FE06E0285DFFF7DFFEFFF7E8
:108D00007BFE641CE4B2B442F6D3FFF758FE0120A8
:108D1000FEE610B51446FFF78FFF2070012010BD4E
:108D200007B502AB0122FFF7D3FF0EBD2DE9F843D3
:108D300014461E460D4680466A46089FFFF7E9FF27
:108D4000002820D0621CFF2000FA02F1C4F10802C2
:108D50003244521ED0400143C6F108008740FAB2A7
:108D6000C4F10700C24003E0000C01400080214232
:108D70009DF80000084010438DF80000C2B229465B
:108D80004046FFF7CDFFBDE8F883F8B515461C4611
:108D90000E4607466A46FFF7BCFF01209DF800100B
:108DA000A8400CB1014300E08143CAB28DF8002015
:108DB00031463846FFF7B4FFF8BD000090F90010C7
:108DC000002902DD4FF00000704702DA4FF0040086
:108DD000704790F90110002902DD4FF00100704743
:108DE00002DA4FF00500704790F90200002802DD1A
:108DF0004FF00200704702DA4FF0060070474FF064
:108E000007007047F0B50125DDE905ECFE4F07EBE3
:108E1000450437F8156024F8026CE68AA682A68D10
:108E20006685B4F84260A4F84060B4F85860A4F8CD
:108E300056606D1CB4F86E60EDB2A4F86C600A2D3B
:108E4000E5D378823985FA87A7F85430A7F86AE025
:108E50000021A7F880C0084637F91020401CC0B296
:108E600011440A28F8D30A2291FBF2F0B8820021BB
:108E7000084607EB4003401CB3F91630C0B2194452
:108E80000A28F6D391FBF2F078850021084607EB1B
:108E90004003401CB3F92C30C0B219440A28F6D361
:108EA00091FBF2F0A7F840000021084607EB4003D1
:108EB000401CB3F94230C0B219440A28F6D391FBE2
:108EC000F2F0A7F856000021084607EB4003401CCB
:108ED000B3F95830C0B219440A28F6D391FBF2F026
:108EE000A7F86C000021084607EB4003401CB3F9CB
:108EF0006E30C0B219440A28F6D391FBF2F0A7F8FD
:108F00008200F0BD08B50323009002226B21D0201F
:108F1000FFF70CFF08BD08B50223009004221B21B7
:108F2000D020FFF703FF08BD08B5022300900422FC
:108F30001C21D020FFF7FAFE08BD034606226B2154
:108F4000D020FFF722BFB04B10B50E3B0122752198
:108F5000D020FFF790FEAC480E38007810BD10B559
:108F6000FFF7F1FF682801D0002010BD012010BDDF
:108F7000034605226A21D020FFF707BF03460122DE
:108F80003721D020FFF701BF10B50220FFF7BAFF4D
:108F90000120FFF7C0FF0020FFF7C6FF0020FFF70A
:108FA000CCFF0020FFF7E4FFBDE810400020E5E71C
:108FB000F8B5964E0020009030706B460122752166
:108FC0006820FFF703FE92A001F070F99DF8000001
:108FD000682809D097480168974A01F4E061114375
:108FE0000160BFF34F8FFEE7FDF75FFF002848D118
:108FF0007820FDF79BFC10B985A001F057F9782087
:10900000FDF7FEFD10B98DA001F050F9C820FDF765
:10901000ADFE10B993A001F049F9FEF759FF10B960
:109020009AA001F043F9A6480446FFF7C7FE05469B
:10903000E01CFFF7C3FE45EAC005A01DFFF7BEFE1A
:1090400045EA801080B2FEF74BFF10B99DA001F0F9
:109050002DF940F27310FFF796FA10B9A3A001F0B2
:1090600025F9C820FFF780F810B9AAA001F01EF971
:1090700000F0EDF90120FEF7FEFB10B9AEA001F003
:1090800015F901203070F8BD2DE9F04F89B08C4CF6
:1090900007A82C3CCDE9004004F1260106AB02AA4A
:1090A000881FFFF77DFB2088C0057DD5029800F062
:1090B0005FFE6FF01D07394600F0C6FC0646606093
:1090C000039800F055FE394600F0BEFC8046A060D3
:1090D000049800F04DFE394600F0B6FC0546E0600D
:1090E000059800F045FE394600F0AEFC07462061C9
:1090F0000121304600F0A8FC294600F035FC054669
:109100004FF040463146404600F02EFC394600F014
:109110002BFC294600F0D0FB00F0A2FE01F024FD5C
:10912000DFF838924FF0663842464B4600F03FFD7C
:1091300000F0A9FEA061E0680121054600F084FC72
:109140008246294600F010FC0546A06831460746D5
:1091500000F00AFC394600F007FC294600F0FEFB4F
:109160004FF07E5100F0A8FB00F07AFE05460E4657
:109170000121606800F068FC394600F0F5FB074605
:109180005046216900F0F0FB394600F095FB00F0F5
:1091900067FE2A46334601F02FFF42464B4600F059
:1091A00006FD00F070FE00E0EDE0606121690191D4
:1091B000084600F0D9FBE16807460846009100F038
:1091C000D3FBA16806468B46584600F0CDFB61688C
:1091D00005468A46504600F0C7FB294600F06CFB66
:1091E000314600F0BBFB394600F0B8FB00F038FE1A
:1091F00005460E465046019900F0B6FB0746584614
:10920000009900F0B1FBABE05A1E00202C000020BA
:109210006D70755F7365745F73656E736F722063D5
:109220006F6D706C657465202E2E2E2E2E2E0D0AFD
:10923000000000000CED00E00400FA056D70755FA1
:10924000636F6E6669677572655F6669666F2063D6
:109250006F6D706C657465202E2E2E2E2E2E0D0ACD
:10926000000000006D70755F7365745F73616D70F1
:109270006C655F7261746520636F6D706C65746599
:10928000202E2E2E2E2E2E0D0A000000646D705FF3
:109290006C6F61645F6D6F74696F6E5F6472697625
:1092A00065725F6669726D7761726520636F6D705C
:1092B0006C657465202E2E2E2E2E2E0D0A000000B9
:1092C000F4020020646D705F7365745F6F7269658E
:1092D0006E746174696F6E20636F6D706C65746518
:1092E000202E2E2E2E2E2E0D0A000000646D705F93
:1092F000656E61626C655F66656174757265206339
:109300006F6D706C657465202E2E2E2E2E2E0D0A1C
:1093100000000000646D705F7365745F6669666F5E
:109320005F7261746520636F6D706C657465202E6B
:109330002E2E2E2E2E0D0A006D70755F7365745FD4
:10934000646D705F737461746520636F6D706C65BC
:109350007465202E2E2E2E2E2E0D0A0066A64C4051
:10936000394600F0A9FA012100F06EFB00F078FD0B
:109370002A46334601F040FE42464B4600F017FCB9
:1093800000F081FDE06109B0BDE8F08F10B5422129
:10939000D020FFF751FC04464121D020FFF74CFCC0
:1093A00004EB002000F0EDFCB0F18E4F03DD4FF038
:1093B0008F4100F0D3FA444900F008FB00F050FD63
:1093C000424A434B00F04CFB0022424B00F0EFFBC3
:1093D00000F059FDBDE8104000F0F6BC1FB50121BA
:1093E0000846F7F712FC01210820F7F70EFC4FF4AE
:1093F0000074ADF80C4048208DF80F0003A93648E2
:10940000F7F71BFA09210120F7F7CBFA00208DF8B6
:1094100004000C2000948DF8050001248DF806400E
:109420006846F7F74DF917208DF8080002208DF8EF
:1094300009008DF80A408DF80B4002A8F6F747FFA7
:109440001FBD10B5FFF782FABDE810409CE510B5CE
:1094500088B002A905A8FEF74AFA072832D1684663
:10946000FDF72AFF059800F083FC00990C4600F0F8
:109470007BFA00F0A9FC0590069800F079FC2146E3
:1094800000F072FA00F0A0FC0690079800F070FC63
:10949000214600F069FA00F097FC079005A8FEF756
:1094A0009AFD01A8FDF71EFFBDF804000299414393
:1094B00002910399414303910499414302A8049105
:1094C000FEF7EBFD08B010BD0000AA43A4703D0AF2
:1094D000D743424000002440000C01402DE9F34FE7
:1094E000BF4E85B00846F168BC4D049100F036FAD5
:1094F0003168009100F038FAB16800F0DDF906F14A
:109500006404029067682846394600F027FAD4F8C8
:109510000890494600F022FAB24A1060E168884695
:1095200081F00045B0495560C2E90251009900F050
:109530001BFA216800F0C0F983462846009900F024
:1095400013FA0546394600F0B7F9824628464946DF
:1095500000F0B2F98146A448009900F005FA4146AE
:1095600000F0AAF980460299059800F0F7F90090FA
:1095700059464FF07E5000F0F7F9054649464FF046
:109580007E5000F0F1F9039029464FF07E5000F034
:10959000EBF94FF07C5100F08FF907460146284661
:1095A00000F014FA01903946039800F00FFA039086
:1095B00051464FF07E5000F0D7F9074629460198F2
:1095C00000F0D2F9594600F0CCF9206039460198F4
:1095D00000F0CAF9514600F0C4F9606029460398CA
:1095E00000F0C2F9494600F0BCF9A0603946039882
:1095F00000F0BAF9414600F0B4F9E060DDE900108E
:1096000000F0B2F9029900F057F9B06004460099F1
:10961000039800F0A9F9049900F04EF9F060204693
:1096200007B0BDE8F08F2DE9F0416D4C0A460746C2
:109630006E4E1046216800F097F9216B00F03CF95E
:1096400001466B4800F090F905463146384600F077
:109650008BF9294600F030F92063BDE8F0812DE94F
:10966000F34F5F4E85B00846F16B5C4D049100F0FE
:1096700075F93168009100F077F9B16B00F01CF9D1
:1096800006F17404029067682846394600F066F9CE
:10969000D4F80890494600F061F9524A103210603F
:1096A000E168884681F000454F495560C2E90251A2
:1096B000009900F059F9216800F0FEF88346284629
:1096C000009900F051F90546394600F0F5F8824658
:1096D0002846494600F0F0F881464348009900F0DA
:1096E00043F9414600F0E8F880460299059800F0F9
:1096F00035F9009059464FF07E5000F035F9054697
:1097000049464FF07E5000F02FF9039029464FF064
:109710007E5000F029F94FF07C5100F0CDF807465B
:109720000146284600F052F901903946039800F0AE
:109730004DF9039051464FF07E5000F015F9074661
:109740002946019800F010F9594600F00AF9206006
:109750003946019800F008F9514600F002F96060BE
:109760002946039800F000F9494600F0FAF8A06095
:109770003946039800F0F8F8414600F0F2F8E0604E
:10978000DDE9001000F0F0F8029900F095F8B06300
:1097900004460099039800F0E7F8049900F08CF86B
:1097A000F06320463CE72DE9F0410D4C0A460746A0
:1097B0000E4E1046216800F0D7F8216E00F07CF8BC
:1097C00001460B4800F0D0F805463146384600F017
:1097D000CBF8294600F070F820663EE76F12833A16
:1097E00000030020E01E0020A69B443B0AD7A33CB8
:1097F00048E17A3F2DE9F0410024061B254671F12E
:10980000000605DA01240027D0EB070067EB010111
:10981000161E73F1000605DA0027D2EB07020125B8
:1098200067EB030300F076FB86460E4617469C4620
:10983000AC4204D00025D0EB050E65EB010624B147
:109840000020D2EB000760EB030C704631463A462D
:109850006346BDE8F08140EA01039B0703D009E0BD
:1098600008C9121F08C0042AFAD203E011F8013B0C
:1098700000F8013B521EF9D27047D2B201E000F865
:10988000012B491EFBD270470022F6E710B51346A4
:109890000A4604461946FFF7F0FF204610BD30B5D2
:1098A00004460020034600E05B1C934203D2E05CC8
:1098B000CD5C401BF8D030BDF0B480EA0102D40F7B
:1098C0004200B2EB410F02D20246084611464A005E
:1098D00042D0C30DDDB2C1F3C752AD1A202D35DA27
:1098E000C1F3160141F4000204B15242C5F1200651
:1098F00002FA06F12A411044B3EBD05F23D0C4B181
:10990000012DA0EBC35009DCF0BC4FF0004202EA8D
:10991000C352DBB200F5000000F067BB400000F16D
:10992000807000EBC350A0F1807040EAD170490014
:1099300009E0490841EAC071A0EBC35000F50000FE
:10994000400800EBC350F0BC00F046BB614201226E
:1099500002EB4101001BF6E7F0BC704781F00041CB
:10996000AAE780F00040A7E780EA010210B502F004
:109970000043400022D04A001FD0010E01EB1261CB
:10998000C0F35600C2F3560240F4000042F4000255
:10999000A0FB022000047F39140400D0401C50EAD0
:1099A000124001D44000491EC2B20C0604EBD01094
:1099B000401C4008802A02D003E0002010BD20F0A7
:1099C0000100002900DA0020184310BD30B480EAFD
:1099D000010202F0004530F0004221F0004013D0B7
:1099E00090B1C30DD40DC2F31601C0F31600E41AF2
:1099F00041F4000140F400027D34914201D3641C23
:109A000000E04900002C02DA30BC002070474FF41F
:109A100000000023914201D3891A034340084FEA12
:109A20004101F7D151B1914202D14FF0004105E01F
:109A300002D24FF0010101E06FF0010103EBC450CD
:109A4000284430BC00F0C8BA420005D0C0F3C75269
:109A50005242914201DC0020704700EBC150704738
:109A60002DE9FE4F804681EA0300C00F0C460090AE
:109A700021F0004123F00045B8EB0200A94105D2D6
:109A80004046214690461C460B46024623F00040C5
:109A9000104347D0270DC7F30A00C3F30A510290C1
:109AA000401A019040286BDAC3F3130040F4801B86
:109AB0000098924620B10023D2EB030A63EB0B0B14
:109AC00001985946C0F14002504600F054FA06464B
:109AD0000D4650465946019A00F06CFA10EB08000A
:109AE0006141002487EA115284EAE7731A4340D0A7
:109AF000009A62B3019A012A4FEA075215DC001B53
:109B000061EB02014FF0004202EA0752CDE9004248
:109B1000001C41F5801132462B4600F0A3FA03B039
:109B2000BDE8F08F40462146F9E7001B61EB0201DA
:109B3000001C41F5801300185B412018A2F50017A6
:109B400047EB030140EAD570B6196D4111E06D088D
:109B50004FEA360645EAC0754FEA0752001B61EB33
:109B60000201001C41F5801149084FEA300000193C
:109B7000514132462B4603B0BDE8F04F00F063BAC6
:109B80000098012240000023D0EB020263EBE07357
:109B9000009821464FEAE074B8EB000061EB040145
:109BA000E9E783F000435BE781F0004158E72DE9E6
:109BB000FE4F81EA030404F0004421F000410094C8
:109BC0004FF0000B23F0004350EA01045ED052EA4C
:109BD00003045BD0C3F30A54C1F30A552C44A4F226
:109BE000F3340194A0FB0254C1F3130141F480113A
:109BF000C3F3130343F4801301FB024400FB034E41
:109C0000840A970A44EA815447EA8357A4FB076809
:109C100002958D0A05FB07854FEA932C04FB0C5433
:109C20002705029D4FEA065847EA1637B5EB0805A7
:109C30006EEB070C870E920E47EA811742EA8312F9
:109C4000A7FB0201B6EB0B0164EB00042B0D43EA0A
:109C50000C335E1844EB1C50DA465146E7FB020118
:109C6000C5F313044FEA0B3343EA14534FEA0432AB
:109C7000019C43EA0603A4F10C040294009CCDE984
:109C800000B400F0EFF903B0BDE8F08F002001460A
:109C9000F9E72DE9F04D81EA030404F0004B21F0CF
:109CA000004514464FF0000A23F0004150EA050237
:109CB00020D054EA01021DD0C5F30A570246C5F36D
:109CC0001303C1F31300C1F30A5640F4801543F4A3
:109CD0008013A7EB0608101BD64608F2FD3873EB7D
:109CE000050002D308F1010801E092185B41B8F1C8
:109CF000000F03DA00200146BDE8F08D00204FF48C
:109D00008011064684460EE0171B73EB050705D34A
:109D1000121B63EB050306434CEA010C49084FEAAA
:109D2000300092185B4150EA0107EDD152EA03007E
:109D300012D082EA040083EA0501084305D0101B13
:109D4000AB4106D20122002306E000224FF000437F
:109D500002E06FF0010253101AEB06004CEB0851C1
:109D600010EB0A0041EB0B01BDE8F04D00F06BB9C0
:109D7000C10F80EAE0700844CA079623002100F072
:109D800034B996230022114600F02FB90EB5C10F49
:109D900080EAE0700844CA07002140F233438DE8AE
:109DA0000E000A460B4600F05DF903B000BD0EB58B
:109DB00040F2334102910021CDE900110A460B46E1
:109DC00000F050F903B000BD00F0004220F0004068
:109DD000C10DC0F3160040F400007F2901DA002015
:109DE0007047962903DCC1F19601C84001E096391D
:109DF0008840002AF4D04042704720F00040C10D56
:109E0000C0F3160040F400007F2901DA00207047FB
:109E1000962903DCC1F19601C84070479639884005
:109E2000704770B5C1F30A5201F000450024C1F338
:109E3000130140F2FF3341F480119A4201DA00200D
:109E400070BD40F233439A42A2F2334203DC5242E5
:109E500000F0A0F800E090402C43F1D0404270BDEB
:109E600000F0004230F000400AD0C10D01F56071F1
:109E7000C0F3160042EA0151C2084007114370477F
:109E800000200146704701F0004330B421F000414A
:109E900050EA010206D00A0DA2F56072C1F3130167
:109EA000002A02DC30BC00207047440F44EAC104A1
:109EB000C100E01830BC00EBC25000F08DB80000CB
:109EC000002801DBC0F10040002901DBC1F10041A5
:109ED00081427047002801DBC0F10040002901DB0E
:109EE000C1F100418842704730B50B460146002061
:109EF0002022012409E021FA02F59D4205D303FA4C
:109F000002F5491B04FA02F52844151EA2F10102CC
:109F1000F1DC30BD2DE9F05F0546002092469B46FE
:109F200088460646814640241BE02846414647466F
:109F3000224600F02FF853465A46C01A914110D3DA
:109F400011461846224600F016F82D1A67EB010854
:109F50004F4622460120002100F00DF817EB0009C2
:109F60004E41201EA4F10104DFDC484631462A465A
:109F70004346BDE8F09F202A04DB203A00FA02F1B4
:109F8000002070479140C2F1200320FA03F31943E7
:109F900090407047202A04DB203A21FA02F0002189
:109FA000704721FA02F3D040C2F1200291400843E9
:109FB00019467047202A06DBCB17203A41FA02F0F7
:109FC00043EAE07306E041FA02F3D040C2F1200216
:109FD00091400843194670470029A8BF7047401CAC
:109FE000490008BF20F00100704710B4B0FA80FCAF
:109FF00000FA0CF050EA010404BF10BC704749B1EC
:10A00000CCF1200421FA04F411FA0CF118BF01215B
:10A0100021430843A3EB0C01CB1D4FEA00614FEA3B
:10A02000102042BF002010BC704700EBC35010440A
:10A030000029A4BF10BC7047401C490008BF20F095
:10A04000010010BC704710B5141E73F1000408DA4B
:10A05000401C41F1000192185B411A4301D120F0EC
:10A06000010010BD2DE9F04D92469B4611B1B1FAA9
:10A0700081F202E0B0FA80F220329046FFF77BFFD7
:10A0800004460F4640EA0A0041EA0B0153465A468D
:10A09000084313D0114653EA010019D0C8F1400219
:10A0A0005046FFF777FF05460E4650465946424652
:10A0B000FFF761FF084305D0012004E02046394640
:10A0C000BDE8F08D0020054346EAE0762C43374397
:10A0D0000A986305E40AA0EB08000022FD0A44EA9E
:10A0E00047540A3002D500200146E9E7010510195E
:10A0F0006941DDE9084500196941BDE8F04DA2E775
:10A1000070B521F0004303430CD0C1F30A5500247D
:10A11000D5EB040564EB0403D617AD1AB34102DB9B
:10A120000020014670BD201841EB025170BD0000B7
:10A1300030B5041E71F1000404DB4FF000444042CE
:10A1400064EB0101141E73F1000405DB1C464FF0A3
:10A150000043524263EB04038B4208BF824230BD8E
:10A1600030B5041E71F1000404DB4FF0004440429E
:10A1700064EB0101141E73F1000405DB1C464FF073
:10A180000043524263EB0403994208BF904230BD42
:10A19000064C074D06E0E06840F0010394E8070034
:10A1A00098471034AC42F6D3F5F7C6FFB8D600088E
:10A1B000D8D600082DE9F04D00231A461B1A8A4113
:10A1C00003DB00200146BDE8F08DC1F30A52C1F364
:10A1D000130141F480154FF0000BD10702D1001894
:10A1E0006D41521E0027044640F2FF11384601EB34
:10A1F000620A3E468046024600204FF48011FFF777
:10A20000C9FEC2197141BB1846EB0100B4EB030C47
:10A2100075EB000C04D3E41A65EB000517460E46F7
:10A22000241908F101006D4180463428E3DDF91955
:10A2300046EB0600091BA84103D24FF0FF3213463C
:10A2400001E0002213461BEB070046EB0A51BDE874
:10A25000F04DFFF7F8BE70B58C1810F8015B15F0E3
:10A26000070301D110F8013B2A1106D110F8012B88
:10A2700003E010F8016B01F8016B5B1EF9D12B07AD
:10A2800005D40023521E0DD401F8013BFAE710F863
:10A29000013BCB1A921C03E013F8015B01F8015B50
:10A2A000521EF9D5A142D8D3002070BD0FB4054B82
:10A2B00010B503A9044A029800F0ACFB10BC5DF88D
:10A2C00014FB00000322000884030020490050EA28
:10A2D000C12018BF04204A0D18BF40F0010040F211
:10A2E000FF72B2EB515F08BF40F00200012808BFC7
:10A2F000052070472DE9F74F144694B00021C4E9BA
:10A3000002111599079121F00045C9498D4206DCDB
:10A310001599C4E9000117B00020BDE8F08FC549C8
:10A32000DFF814A3A9423CDD0799C44E0029C44FAD
:10A33000C44A1599534619DDFFF733FC554506D03D
:10A34000C14AC24BFFF72DFCC4E900010AE04FF0FF
:10A35000D352BE4BFFF725FC32463B46FFF721FCAC
:10A36000C4E9000117B00120BDE8F08FFFF778FBCA
:10A37000554506D0B44AB54BFFF772FBC4E900015E
:10A380000AE04FF0D352B14BFFF76AFB32463B462F
:10A39000FFF766FBC4E9000117B04FF0FF30BDE8DE
:10A3A000F08FAB49A942159978DB21F00041834633
:10A3B0008846A84AA84BFFF7FAFB0022A74BFFF7F5
:10A3C0004FFBFFF72EFD0990FFF7E0FC06460F4616
:10A3D0009C4A5346FFF7EBFB43465A46FFF7E4FB24
:10A3E00080468A46984A994B30463946FFF7DFFB4C
:10A3F0002A0D01250B9242465346FFF7D5FB032D4C
:10A40000C4E9000139D00B98C1F30A51401A05EB99
:10A4100045111139814230DA9148C346784400EB46
:10A420000510CDF80CA00C90D0E900233046394639
:10A43000FFF7BDFB02460B46049106905846039970
:10A44000FFF7AFFB80468A4602460B465846039903
:10A45000FFF7A7FB049B069AFFF7A3FB83460C9824
:10A4600003913946D0E902233046FFF7A0FB5A4654
:10A47000039BFFF796FB6D1CBDE707980028A2BF62
:10A48000099817B0BDE8F08F616881F00041616004
:10A49000099817B04042BDE8F08FFFE78446159851
:10A4A000C1F31301C0F30A50A0F2F5304FEA60186F
:10A4B00000F01F06C6F120001390002006900790C0
:10A4C00041F4801E05206D4676B1664A08EB000116
:10A4D0007A4452F8213002EB8101B3404A68139963
:10A4E00022FA01F1194305E05F4908EB00027944C3
:10A4F00051F82210A1FB0E27A1FB0C131A449A421B
:10A5000034BF0123002303EB070A05EB8003D3E9E3
:10A5100001B70F448F4234BF0121002193448B4483
:10A5200011B1934502D903E0934501D2012100E026
:10A530000021C3E901B7514445F82010011EA0F1E4
:10A540000100C1DC0298059F00F10050800F1290BD
:10A550000298DDE903568000FFF718FC8346284681
:10A560000D91FFF724FC6FF01D02FFF7C9FDCDE947
:10A570000E013046FFF71BFC6FF03D02FFF7C0FDF8
:10A5800080468A463846FFF712FC6FF05D02FFF7FF
:10A59000B7FD0746424653461191FFF761FADDE9E0
:10A5A0000E23FFF75DFA5A460D9BFFF759FA002577
:10A5B0000E465A4628460D9BFFF7F3FADDE90E23B7
:10A5C000FFF7EFFA42465346FFF7EBFA3A46119B84
:10A5D000FFF7EAFADFF898A0244A5346FFF7E7FAB4
:10A5E00007468846234A244B31462846FFF7DFFAC0
:10A5F0003A464346FFF734FA074688464FF0A842EA
:10A60000534631462846FFF7D2FA3A464346FFF70B
:10A6100027FA159A12F0004F04D0129A81F00041E7
:10A6200052421292C4E90001129817B0BDE8F08FAF
:10A63000FB21E93F7CD90240FB21F93F7370032ED7
:10A640008A19A33B000040543163621A61B4D03DC3
:10A65000FB21394183C8C96D305FE43F0000E03F12
:10A66000203100009C3000007E300000182D445442
:10A67000FB21F93D3326A611460B113C2DE9F04193
:10A680004F1E00EBC7010446D1E9000115461E46E6
:10A6900037F006020DD02A463346FFF788FA7F1EB0
:10A6A00004EBC703D3E90023FFF7DAF937F006021A
:10A6B000F1D1022F25D0042F13D0062F18BFBDE8EB
:10A6C000F0812A463346FFF772FAD4E90A23FFF7EE
:10A6D000C7F92A463346FFF76AFAD4E90823FFF799
:10A6E000BFF92A463346FFF762FAD4E90623FFF79B
:10A6F000B7F92A463346FFF75AFAD4E90423FFF79D
:10A70000AFF92A463346FFF752FAD4E90223FFF79E
:10A71000A7F92A463346FFF74AFAD4E90023BDE8F1
:10A72000F041FFF79DB900002DE9F04D04468CB0D3
:10A73000904821F00047164698460D4609918742F9
:10A7400006DA20462946FFF76CFB002800F0AE80B1
:10A750008948B8421CDC09980028BCBF85F0004538
:10A7600088F00048854A864B20462946FFF71CFAA8
:10A7700004460D463246434682488349FFF711FAA4
:10A7800022462B46FFF76CF9002604460D46B046DC
:10A7900022462B4610461946FFF709FA8B46824699
:10A7A00002460B46FFF703FA0246089077480B462D
:10A7B000009106217844FFF761FFCDE9031074484A
:10A7C00006217844009B089AFFF758FF52465B46E3
:10A7D000FFF7EDF9CDE9051052465B4620462946C4
:10A7E000FFF7E5F907910090DDE90310DDE9053297
:10A7F000FFF736F9079B009AFFF7D9F9324643462F
:10A80000FFF72EF952465B46FFF7D1F93246434631
:10A81000FFF726F980460E465E4A5F4B079900987F
:10A82000FFF7C5F942463346FFF71AF982468B46D1
:10A8300022462B46FFF714F980464F480E46B84291
:10A8400014985BDCFFF7A2FA0746424633460591AF
:10A85000FFF706F9CDE90110424633461046194686
:10A86000FFF7A5F9DDE90132FFF713FA52465B461F
:10A87000FFF797F922462B46FFF796F90122FFF7DB
:10A880003FFC3A46059BFFF78FF904460D460998B1
:10A89000022101EAA070C0F10100FFF777FA0CB0C5
:10A8A00022462B46BDE8F04DFFF781B91498401CB5
:10A8B000384320430BD01498012812D00CB0224604
:10A8C0002B46BDE8F04D00203449FFF7E2B90CB04B
:10A8D00025F000432246BDE8F04D00203049FFF747
:10A8E000D8B920462946FFF7F1FC042808BF00F03C
:10A8F00073F820460CB02946BDE8F08D012802BF50
:10A9000040460CB0BDE8F08D00270B463A46204685
:10A910002946FFF749F952465B46FFF745F90446D9
:10A920000D464246334600201C49FFF7B2F98346E4
:10A930003A46884633461046FFF739F90022184B4D
:10A94000FFF78EF806468A4622462B463846414691
:10A95000FFF72DF932465346FFF782F85A46434631
:10A96000FFF725F90CB03A464346BDE8F04DFFF736
:10A9700077B800000000303E2894E53F182D44547D
:10A98000FB21E93F075C143326A6813C502E0000D2
:10A99000722E0000635555555555D53F0000F0BF48
:10A9A0000000F03F0022134610460149FFF771B93D
:10A9B0000000F03F0122FFF7A3BBFFF751B80022D0
:10A9C000134610461146FFF764B940F201320020E9
:10A9D0004FF0E041FFF794BB024A00201107FFF758
:10A9E0008FBB000001FDFFFF02E008C8121F08C175
:10A9F000002AFAD170477047002001E001C1121F00
:10AA0000002AFBD170470000014908607047000030
:10AA1000880300202DE9FF4F89B09B46044600259E
:10AA200006E025280BD05A460B999047641C6D1CF4
:10AA300020780028F5D10DB02846BDE8F08F00271A
:10AA4000B8460122474900E0074314F8013F203B84
:10AA500002FA03F00842F7D120782E2819D114F811
:10AA6000010F47F004072A280ED06FF02F0220783C
:10AA7000A0F1300109290CD808EB880102EB410153
:10AA800000EB0108641CF2E70A98641C50F8048B80
:10AA90000A9020780028CED0642808D0692806D0F3
:10AAA00075281ED05A460B9990476D1C58E00A999C
:10AAB0004FF00A0901C90A91002802DA40422D210B
:10AAC00002E0390504D52B218DF82010012103E087
:10AAD000F90704D02021F7E78A4608AE0DE00021EF
:10AAE000FAE70A994FF00A0901C90A91F7E74946BE
:10AAF000FFF7FAF9303106F8011D0028F7D1ADEB68
:10AB0000060000F12009780701D44FF00108C8457C
:10AB100002DDA8EB090000E000208046002706E0E7
:10AB200008A85A46C05D0B9990476D1C7F1C57457D
:10AB3000F6DB04E030205A460B9990476D1CB8F1C3
:10AB40000001A8F10108F5DC05E016F8010B5A46F2
:10AB50000B9990476D1CB9F10001A9F10109F4DCD2
:10AB6000641C65E7092801002DE9F04D8D4F21F0A7
:10AB7000004A86B005460C46BA452ADBAAEB070018
:10AB800028430AD08848824501DC1AD1CDB106B0ED
:10AB90002846BDE8F04DFFF70DBF844A844B284698
:10ABA000FFF705F807460E46824A834B28462146A2
:10ABB000FEF7FDFF06B03A463346BDE8F04DFEF71E
:10ABC0004FBF0120FFF720FF06B0BDE8F04DFFF7B3
:10ABD000F6BE7A48824542DABAF1795F0BDA284646
:10ABE000FFF774FB042808BFFFF7F6FE284606B0FF
:10ABF0002146BDE8F08D2A460B461046FEF7D7FFEA
:10AC0000834602466E480E460B4606217844FFF7FF
:10AC100035FD5A463346FEF7CAFF804669488A46E4
:10AC20005A46334604217844FFF728FD5A463346F6
:10AC3000FEF7BDFF00223B46FEF712FF02460B4621
:10AC400040465146FFF725F82A462346FEF7AFFF58
:10AC500006B02A462346BDE8F04DFEF701BF284660
:10AC600024F0004100223D463B46FEF79DFF4FF099
:10AC7000FF32FFF745FA0646024653480F460B4699
:10AC800006217844FFF7FAFC32463B46FEF78FFF79
:10AC9000CDE900014D4832463B4604217844FFF798
:10ACA000EDFC32463B46FEF782FF00222B46FEF7C4
:10ACB000D7FE834602913046394600F057FF804662
:10ACC00043480D46504517DCDDE900015A46029B1A
:10ACD000FEF7DFFF42462B46FEF769FF42462B4652
:10ACE000FEF7BEFE0122FFF70BFA304A304BFEF7AB
:10ACF00058FF304A304B4CE04FF0000A52460B46AA
:10AD00004046FEF7ADFECDE9031052462B461046F5
:10AD10001946FEF74CFF32463B46FEF745FFDDE99C
:10AD20000332FEF7B6FF06460F46DDE900015A463C
:10AD3000029BFEF7AEFF8346009101223046394662
:10AD4000FFF7DEF9194A1A4BFEF72EFF06460F46AB
:10AD5000012240462946FFF7D3F95A46009BFEF7E9
:10AD600026FF32463B46FEF71CFF06460F460122F1
:10AD700050462946FFF7C4F90E4DDFF858802A46A1
:10AD80004346FEF711FF32463B46FEF70DFF2A46CB
:10AD90004346FEF709FF002CD8BF81F0004106B002
:10ADA000BDE8F08D0000F03F0000F07F075C143339
:10ADB00026A6913C182D4454FB21F93F0000E03FAA
:10ADC000B8270000CE2700004227000058270000C7
:10ADD0003333EF3FFB21E93F2DE9F84F04460D46A1
:10ADE00021F0004000917349814211DC7249884290
:10ADF00001DC06D12CB120462946BDE8F84FFFF70B
:10AE0000D9BD6E48002DCCBF6D496E49BDE8F88FA5
:10AE10006D49814211DD6D498142D8BF4FF0FF3647
:10AE20006DDD20462946FFF751FA042808BFFFF7D9
:10AE3000D3FD20462946BDE8F88F6549654F25F0CA
:10AE40000045814233DD6449814219DD00263246E6
:10AE50004FF0804320462946FEF702FE80468A4690
:10AE6000012220462946FFF74BF900223B46FEF718
:10AE700098FE42465346FEF70CFF04460D463EE060
:10AE800001260022BA463B4620462946FEF7E8FD49
:10AE900080460F460022534620462946FEF781FE93
:10AEA00042463B46FEF7F5FE04460D4627E04B4979
:10AEB00081421BDDDFF828A10226002253462046EE
:10AEC0002946FEF774FE00223B46FEF7C9FD804688
:10AED0000F460022534620462946FEF762FE4246B0
:10AEE0003B46FEF7D6FE04460D4608E00326224602
:10AEF0002B4600203B49FEF7CCFE04460D46224679
:10AF00002B4610461946FEF752FE8B4682460246F5
:10AF10000B46FEF74CFE07460246334888460B4672
:10AF200006217844FFF7AAFB52465B46FEF73FFE38
:10AF300082462E488B463A46434605217844FFF721
:10AF40009DFB3A464346FEF732FE02460B46002E74
:10AF5000504659460CDAFEF783FD22462B46FEF793
:10AF600026FE01B022462B46BDE8F04FFEF71CBE80
:10AF7000FEF776FD22462B46FEF719FE1C4A7A4460
:10AF800002EBC603D3E90023FEF70BFE22462B4655
:10AF9000FEF707FE174A7A4402EBC603D3E9002303
:10AFA000FEF702FE009A002AB8BF81F00041BDE81A
:10AFB000F88F0000000010440000F07F182D44546A
:10AFC000FB21F93FFB21F9BF0000DC3F0000203EE0
:10AFD0000000F33F0000F03F0000E63F0080034028
:10AFE0000000F83F0000F0BF5A25000018250000BF
:10AFF000B62400007E2400002DE9F04D9446CCF1EB
:10B00000000423F000464CEA0404594F46EAD47485
:10B010009A46884621F00042BC4206D8454240EAA2
:10B02000050442EAD474BC4204D9BDE8F04D62463E
:10B03000FFF7C3BCAAF14055A5F17F6555EA0C04A2
:10B040000BD0022404EAAA744A4DDFF82CE144EA4A
:10B05000D87452EA000B04D00CE0BDE8F04DFFF7C5
:10B06000BBBE002C14BF012CBDE8F08D022C30D0EB
:10B07000032C32D056EA0C0B0AD0BE4220D1BA4281
:10B0800009D126F0804622F080423346114617E06F
:10B0900000291ADB25E0DFF8E4B0FB44002C04BFF4
:10B0A000DBE90001BDE8F08D012C02BFDBE9000106
:10B0B00081F00041BDE8F08D022C0AD0032C0CD0A9
:10B0C000BA4212D1B8F1000F0BDA2A482C49BDE878
:10B0D000F08D28462B49BDE8F08D28467146BDE825
:10B0E000F08D24482849BDE8F08D921B12153C2AAA
:10B0F000C4BF204F244E10DCBAF1000FBEBF12F1C6
:10B100003C0F00273E4608DB6246FEF7C2FD21F0F9
:10B110000041FFF761FE07460E4694B1012C08BFBF
:10B1200086F000460DD0194A194B022C384631469C
:10B1300015D0FEF736FD2A46BDE8F04D114BFEF75F
:10B1400030BD0022134638463146FEF7F1FF04BFFA
:10B150000220FFF759FC38463146BDE8F08DFEF776
:10B1600020FD2A46BDE8F04D064BFEF71DBD000050
:10B170000000F07F182D4454FB2109C09A240000E0
:10B18000FB21F9BFFB210940FB21F93F075C143388
:10B1900026A6A13C2DE9F04D1D460C4698B0174659
:10B1A00021F0004123F00043002814BF4FF0010CB0
:10B1B0004FF0000C0CEB440CFE4A0CEB02064FEA7D
:10B1C000620C66452BD33E0018BF012606EB4506F0
:10B1D0001644F94A964222D3F84A53EA070C02D0A1
:10B1E000944205D148B918B000201146BDE8F08D51
:10B1F000002808BF4FF0000C01D04FF0010C0CEB01
:10B20000440212F5001F0AD8002F14BF4FF0010CA2
:10B210004FF0000C0CEB450212F5001F07D918B0D7
:10B220003A462B462146BDE8F04DFFF7C6BB00224B
:10B23000DFF88CA3002CB8BF534526DADFF884C3AF
:10B240006345A8BF022220DADFF870C39C451CDCEE
:10B25000DFF874C30CEB235CBCF1140F08DDCCF1F8
:10B26000340627FA06FC0CFA06F6BE420DD108E0B9
:10B270005FB9CCF1140623FA06FC0CFA06F69E42DE
:10B2800003D10CF00102C2F1020251EA000C19D103
:10B29000002D17DA002C18BF022A01D0012A07D08E
:10B2A0000220FFF7B1FB18B0BDE8F04DFFF77ABB05
:10B2B0000220FFF7A9FBFFF775FB18B081F00041F2
:10B2C000BDE8F08DB7F1000C6CD1534525D104F1E8
:10B2D000804212F5801201BF00280020B74918B043
:10B2E00008BFBDE8F08DB548884207DC002DA1BF3E
:10B2F0006046294618B0BDE8F08D07E0281E05DA43
:10B3000080F0004118B06046BDE8F08DAF49794447
:10B31000D1E9000118B0BDE8F08DDFF8A0C26345A7
:10B3200025D1002D1FDA19B1514512D1D8B909E044
:10B33000002840F0EC82A24A214618B062F31E01B8
:10B34000BDE8F08D0020214618B060F31E01BDE875
:10B35000F08D08DA18B02346BDE8F04D0246002013
:10B360006146FEF796BC18B02146BDE8F08D514508
:10B3700018DAB5F1804F0DD0A5F1005CBCF1FF5C8F
:10B3800010D1B4F1000C0DDB18B06146BDE8F04DF2
:10B3900000F0ECBB234618B00246BDE8F04D19465C
:10B3A000FEF705BC060024F0004C3BD1D9B1514555
:10B3B00033D1002C06DD002DA1BF0020514618B06E
:10B3C000BDE8F08D002C01DD002D1BDB002C13DA15
:10B3D000002D11DB012A4FF0000014BF78497C4991
:10B3E00018B0BDE8F08D022A18BF002C0AD0012A3F
:10B3F00008D1002C06DA0AE0002CB8BF002D11DAC3
:10B40000012A04D0002018B00146BDE8F08D18B024
:10B4100000204FF00041BDE8F08DA1F14050B0F1A7
:10B420007F601AD0012000EBE47050EA020421D0C2
:10B43000624C521E4FF0000B104304BF4FF0000B44
:10B44000644C654883427CDD644A654893421FDD55
:10B45000884217DB002D25DB37E0002C00DA4AB1EB
:10B46000022A0CBF01204FF0FF3018B0BDE8F04DAC
:10B47000FEF78CBC0120FFF7C7FA18B0BDE8F04D0D
:10B48000FFF79DBA4D4A8A4202DC002D0ADC1CE01F
:10B49000814202DA002D18DA04E0484B994220DD9F
:10B4A000002D12DD0220FFF7AFFAFFF78EFA0546F6
:10B4B0000E460022534658462146FEF778FB18B048
:10B4C00066F31E012846BDE8F08D0220FFF79CFAC6
:10B4D000FFF782FA0A46214618B062F31E01BDE862
:10B4E000F08D002230466146FEF75BFB80460E463B
:10B4F0006FF00102FEF704FE4FF05532394BFEF7B4
:10B5000053FB42463346FEF752FB0022364BFEF712
:10B510004BFB824642463346049110461946FEF7DD
:10B5200046FB5246049BFEF742FB8A4600904FF0D2
:10B53000C0422E4B40463146FEF739FB2C4A2B4B7E
:10B5400000E027E0CDE9060151460098FEF72FFB09
:10B5500082460191274A284B40463146FEF727FB99
:10B560005246019BFEF71DFB82460B4602460591A3
:10B57000DDE90601FEF774FADDE9062300268846B8
:10B580003046FEF70EFB5246059BFEF70DFB0246CA
:10B5900000F07EB90020B1F5801F07DA3522304671
:10B5A0006146FEF7ADFD06466FF0340000EB21501A
:10B5B00024E00000FFFF1F00FFFF0F000000F03F2E
:10B5C0000000F07F0000404301FCFFFF2622000046
:10B5D0000000F0FF0000F0BF0000E0410000F04379
:10B5E000FFFFEF3F5555D53F0000E03F4715F73FC0
:10B5F000FE822B6544DF5DF80BAE543EA0F2FF30B7
:10B600000190C1F3130040F07F6141F0405102917D
:10B61000FE498842D8BF002004DDFD498142C8BFF1
:10B62000012001DD0D9008E000200D900198401CE4
:10B6300001900298A0F5801002900299F548784494
:10B640000B910D9900EBC100D0E900230F93304618
:10B650000A920B99FEF7A5FACDE90601DDE90A2168
:10B6600030460F9BFEF7FCF902460B460020EA49E4
:10B67000FEF70FFB059102460B460090DDE906013F
:10B68000FEF795FA1490E5488A464FF00008784492
:10B690000299006812904FF0005040EA61010D9845
:10B6A0000F9B01EB804000F5002109910A9A129846
:10B6B000FEF777FA32460B9BFEF776FA4246534680
:10B6C000FEF775FA0646029140465146099B129ACA
:10B6D000FEF76DFADDE90623FEF766FA3246029BB5
:10B6E000FEF75FFA059B009AFEF761FA0091149A43
:10B6F0000490534610461946FEF759FA064602468C
:10B70000C7480B46029106217844FEF7B7FFCDE902
:10B710000510029B324610461946FEF748FADDE94D
:10B720000532FEF744FA059106465346404619464F
:10B73000149AFEF795F9009B049AFEF738FA324600
:10B74000059BFEF78DF9CDE905104246534610469C
:10B750001946FEF72CFA0022B24B02910A90FEF72E
:10B760007FF9DDE90532FEF77BF90E464246AD4B27
:10B770004046FEF716FA029B0A9AFEF712FADDE936
:10B780000532FEF711FA424602910A9033461046FE
:10B790005146FEF70CFACDE906015346149A029978
:10B7A0000A98FEF704FA8A46029033464246009908
:10B7B0000498FEF7FCF95346029AFEF751F98246C7
:10B7C0000B4602460591DDE90601FEF749F9DDE980
:10B7D0000623002088460646FEF7E3F95246059BFD
:10B7E000FEF7E2F9824609914FF060428E4B3046F7
:10B7F0004146FEF7DCF9049006918C4A8A4B50468C
:10B800000999FEF7D4F982460291894A894B30465C
:10B810004146FEF7CCF95246029BFEF721F9864BD2
:10B820007B440D9A03EBC203D3E90023FEF718F91A
:10B830000E9007910198FEF7A9FA0591DDE906132C
:10B8400082460E9A0498FEF70BF97C4A7A440D9BC7
:10B8500002EBC303D3E9002300930292FEF700F941
:10B860005246059BFEF7FCF80026884652463046B5
:10B87000059BFEF796F9009B029AFEF792F9069B4C
:10B88000049AFEF78EF9079B0E9AFEF78DF9024691
:10B8900000200B46029038462946FEF788F982467A
:10B8A00001912B4638461946029AFEF77AF932463C
:10B8B0004346FEF77CF95246019BFEF7D1F8074656
:10B8C0008A463246434629460298FEF770F90546F5
:10B8D0000E463A465346FEF7C3F8594A8846914207
:10B8E00021DBA8EB020353EA000210D12A463346BB
:10B8F000FEF757F9CDE90401524A534B38465146F9
:10B90000FEF7AEF8DDE90423FEF72AFC21D202207F
:10B91000FFF77AF8FFF759F80A46214618B062F3A4
:10B920001E01BDE8F08D494B28F000429A4210D329
:10B93000474A08EB020353EA00027FF4C6AD2A46E9
:10B940003346FEF72EF93A465346FEF709FC7FF6DA
:10B95000BCAD0022019228F000403E493E4A01EB76
:10B960002051824223DA481C4FF4801121FA00F062
:10B9700040443A4AC0F30A517A44394BA1F2FF31AC
:10B98000CB4020EA0303C0F3130040F48010C1F160
:10B990001401C84012680190B8F1000FBCBF4042CA
:10B9A000019028463146FEF7FCF805460E462A4629
:10B9B000334638465146FEF753F84FF000084246EA
:10B9C000284B40460591FEF7F2F8CDE90601264ADC
:10B9D000264B40460599FEF7EAF8009102902A4668
:10B9E000334640460599FEF7DCF83A465346FEF7E3
:10B9F000DBF81F4A1F4BFEF7DAF8009B029AFEF7AE
:10BA00002FF80746884602460B4635E08E9803001D
:10BA10007AB60B006E1E00000000F03FA61E00006C
:10BA2000D41D00000000084009C7EE3FFD033ADCCA
:10BA3000F5015B14E02F3EBEAC1C0000701C000042
:10BA400000009040FE822B654715973C00CC90404B
:10BA500000346F3F01FCFFFF0000E03FBC1B000013
:10BA6000FFFF0F00432EE63F396CA80C615C20BE3F
:10BA7000EF39FAFE422EE63FDDE90601FDF7F0FF61
:10BA8000DDE9062305460E46FEF78BF83A464346A7
:10BA9000FEF78AF80F462A463346009010461946AC
:10BAA000FEF785F8824602462E4888460B46052159
:10BAB0007844FEF7E3FD52464346FEF778F82A46FF
:10BAC0003346FEF771F880468A463B4628463146A3
:10BAD000009AFEF76CF83B46009AFDF7C1FF06910D
:10BAE000009000224FF0804340465146FEF759F83F
:10BAF0000F460C904246534628463146FEF757F80B
:10BB00003B460C9AFEF7C5F8069B009AFEF749F8EB
:10BB10002A463346FEF745F80022134BFEF744F859
:10BB2000054601980E4601EB00510815002810DC6F
:10BB300028463146019AFEF7E3FAFEF7C7FB0428D0
:10BB400008BFFEF749FF28463146019AFEF7D8FAAA
:10BB500005460B4618B02A4658462146BDE8F04D2A
:10BB6000FEF725B85C1A00000000F03F2DE9F04117
:10BB700006460F46FEF71EFB041E0D4618BF0120A9
:10BB8000284320F00040C0F17F6000F1E040C00F8A
:10BB90000ED0301C18BF0120384320F00040C0F107
:10BBA0007F6000F1E040C00F04BF0120FEF72CFFD2
:10BBB00020462946BDE8F08110B5164B21F0004221
:10BBC000012486B09A4203DC0022134600941CE054
:10BBD000114B9A4208D140B94FF00100FEF714FF13
:10BBE000FEF7EDFE06B010BD03DBFEF7E3FE06B088
:10BBF00010BD02AAFEF77EFB00F00100A4EB40009E
:10BC00000DF1080C00909CE80F00FEF78DFD06B0CA
:10BC100010BD0000FB21E93F0000F07F00000000A4
:10BC20000000000000000000000000003F40000095
:10BC30000000000000003000400030004000000024
:10BC400009000BC03D000BC03D00090018C0244096
:10BC50007FE0224031800000180024C01B000D80CE
:10BC60003240018003801C4027401C800740004078
:10BC70001000600000000000000000000000000054
:10BC800000001F80204040200000402020401F80F6
:10BC900000000000090006001F80060009000000E7
:10BCA000040004003F800400040000000010006055
:10BCB0000000000000000000040004000400040074
:10BCC0000400000000000040000000000000000030
:10BCD000002001C006003800400000001F80204006
:10BCE000204020401F800000000010403FC0004066
:10BCF0000000000018C021402240244018400000ED
:10BD000010802040244024401B80000002000D00D1
:10BD100011003FC0014000003C80244024402440EA
:10BD2000238000001F802440244034400380000012
:10BD30003000200027C03800200000001B80244075
:10BD4000244024401B8000001C0022C022402240CE
:10BD50001F800000000000000840000000000000FC
:10BD6000000000000460000000000000000004006B
:10BD70000A00110020804040090009000900090064
:10BD80000900000000004040208011000A0004006B
:10BD90001800200023402400180000001F802040CD
:10BDA000274029401F400000004007C039000F0015
:10BDB00001C0004020403FC0244024401B800000C0
:10BDC0001F802040204020403080000020403FC0A5
:10BDD000204020401F80000020403FC024402E40D3
:10BDE00030C0000020403FC024402E003000000042
:10BDF0000F001080204022403380020020403FC0CE
:10BE0000040004003FC02040204020403FC02040AC
:10BE1000204000000060202020203FC020002000A3
:10BE200020403FC024400B0030C0204020403FC095
:10BE300020400040004000C03FC03C0003C03C0028
:10BE40003FC0000020403FC00C4023003FC0200006
:10BE50001F802040204020401F80000020403FC025
:10BE600024402400180000001F802140214020E0D1
:10BE70001FA0000020403FC02440260019C0004001
:10BE800018C024402440224031800000300020406F
:10BE90003FC020403000000020003F8000400040B4
:10BEA0003F80200020003E0001C007003800200035
:10BEB000380007C03C0007C038000000204039C0EF
:10BEC000060039C0204000002000384007C038403C
:10BED00020000000304021C02640384020C0000033
:10BEE000000000007FE040204020000000007000C3
:10BEF0000C000380004000000000402040207FE054
:10BF000000000000000020004000200000000000B1
:10BF100000100010001000100010001000000000C1
:10BF200040000000000000000000028005400540C5
:10BF300003C0004020003FC00440044003800000D4
:10BF4000000003800440044006400000000003801D
:10BF5000044024403FC000400000038005400540ED
:10BF600003400000000004401FC024402440200083
:10BF7000000002E0055005500650042020403FC05C
:10BF80000440040003C000400000044027C00040FB
:10BF90000000000000100010041027E00000000066
:10BFA00020403FC00140070004C004402040204022
:10BFB0003FC000400040000007C0040007C004006C
:10BFC00003C00000044007C00440040003C0004058
:10BFD000000003800440044003800000041007F0C8
:10BFE000045004400380000000000380044004501B
:10BFF00007F00010044007C00240040004000000E5
:10C00000000006400540054004C000000000040098
:10C010001F800440004000000400078000400440EE
:10C0200007C000400400070004C0018006000400AF
:10C03000060001C0070001C006000000044006C061
:10C04000010006C0044000000410071004E0018055
:10C05000060004000000044005C006400440000043
:10C060000000000004007BE0402000000000000011
:10C070000000FFF000000000000040207BE0040012
:10C080000000000040008000400020002000400030
:10C0900000000000000000000000000000000000A0
:10C0A0000000000000001FCC000C00000000000099
:10C0B0000000080030006000080030006000000050
:10C0C000022003FC1E20022003FC1E200220000090
:10C0D00000000E1811043FFF10840C7800000000CF
:10C0E0000F0010840F3800C0077818840078000013
:10C0F00000780F8410C411240E9800E40084000816
:10C10000080068007000000000000000000000004F
:10C1100000000000000007E01818200440020000A2
:10C12000000040022004181807E000000000000092
:10C130000240024001800FF00180024002400000F6
:10C140000080008000800FF80080008000800000E8
:10C150000001000D000E00000000000000000000C3
:10C16000000000800080008000800080008000804F
:10C170000000000C000C00000000000000000000A7
:10C180000000000600180060018006001800200072
:10C19000000007F0080810041004080807F0000069
:10C1A0000000080408041FFC000400040000000054
:10C1B00000000E0C10141024104411840E0C00000A
:10C1C00000000C1810041104110412880C700000F7
:10C1D000000000E00320042408241FFC00240000C9
:10C1E00000001F98108411041104108810700000C2
:10C1F000000007F00888110411041888007000007E
:10C2000000001C00100010FC13001C0010000000B7
:10C2100000000E3811441084108411440E380000C0
:10C2200000000700088C10441044088807F0000044
:10C23000000000000000030C030C000000000000E0
:10C2400000000000000101060000000000000000E6
:10C2500000000080014002200410080810040000C3
:10C2600002200220022002200220022002200000E0
:10C2700000001004080804100220014000800000A3
:10C2800000000E001200100C106C10800F00000057
:10C2900003E00C1813E4142417C4082807D0000086
:10C2A0000004003C03C41C40074000E4001C0004E0
:10C2B00010041FFC1104110411040E88007000000A
:10C2C00003E00C1810041004100410081C100000E7
:10C2D00010041FFC100410041004080807F00000EC
:10C2E00010041FFC1104110417C4100408180000E6
:10C2F00010041FFC1104110017C0100008000000FA
:10C3000003E00C181004100410441C7800400000D6
:10C3100010041FFC10840080008010841FFC100497
:10C320000000100410041FFC1004100400000000A2
:10C3300000030001100110011FFE1000100000009A
:10C3400010041FFC110403801464181C1004000066
:10C3500010041FFC1004000400040004000C000082
:10C3600010041FFC1F0000FC1F001FFC1004000035
:10C3700010041FFC0C04030000E010181FFC100048
:10C3800007F00808100410041004080807F0000063
:10C3900010041FFC10841080108010800F0000001B
:10C3A00007F0081810241024101C080A07F20000D7
:10C3B00010041FFC1104110011C011300E0C0004F8
:10C3C00000000E1C11041084108410441C3800005E
:10C3D0001800100010041FFC1004100018000000CA
:10C3E00010001FF810040004000410041FF81000CF
:10C3F00010001E0011E0001C007013801C001000D3
:10C400001FC0103C00E01F0000E0103C1FC00000F7
:10C410001004180C163401C001C01634180C100496
:10C4200010001C00130400FC13041C00100000008A
:10C430000804101C1064108413041C04101800005D
:10C440000000000000007FFE4002400240020000A9
:10C45000000030000C0003800060001C000300009E
:10C4600000004002400240027FFE00000000000089
:10C4700000000000200040004000400020000000BC
:10C4800000010001000100010001000100010001A4
:10C4900000004000400020000000000000000000FC
:10C4A00000000098012401440144014400FC000400
:10C4B00010001FFC008801040104008800700000C7
:10C4C00000000070008801040104010400880000DD
:10C4D0000000007000880104010411081FFC000422
:10C4E000000000F8014401440144014400C8000078
:10C4F0000000010401040FFC1104110411001800D4
:10C50000000000D601290129012901C90106000006
:10C5100010041FFC008401000100010400FC000461
:10C5200000000104190419FC0004000400000000CC
:10C530000000000300010101190119FE00000000C4
:10C5400010041FFC0024004001B4010C0104000091
:10C550000000100410041FFC000400040000000090
:10C56000010401FC0104010001FC0104010000FCC4
:10C57000010401FC008401000100010400FC00042E
:10C58000000000F8010401040104010400F80000A7
:10C59000010101FF00850104010400880070000012
:10C5A00000000070008801040104010501FF000182
:10C5B0000104010401FC0084010401000180000069
:10C5C000000000CC01240124012401240198000072
:10C5D00000000100010007F8010401040000000050
:10C5E000010001F8000400040004010801FC00043B
:10C5F000010001800170000C001001600180010049
:10C6000001F0010C003001C00030010C01F001000C
:10C6100000000104018C00740170018C0104000011
:10C62000010101810171000E00180160018001000B
:10C6300000000184010C013401440184010C00005C
:10C64000000000000000000001003EFC400240022B
:10C650000000000000000000FFFF000000000000DC
:10C660000000400240023EFC01000000000000000B
:10C67000000060008000800040004000200020009A
:10C68000004D9AD77934E3AEF2BF68258BC6115CB2
:10C69000A9E4337ED09D4A075B16C18C226FB8F5A2
:10C6A0001F5285C8662BFCB1EDA0773A94D90E4392
:10C6B000B6FB2C61CF8255184409DE933D70A7EA82
:10C6C0003E73A4E9470ADD90CC81561BB5F82F6272
:10C6D00097DA0D40EEA374396528FFB21C5186CB62
:10C6E000216CBBF65815C28FD39E4904AAE7307D52
:10C6F00088C5125FF1BC6B267A37E0AD034E99D442
:10C700007C31E6AB05489FD28EC31459F7BA6D2031
:10C71000D5984F02ACE1367B276ABDF05E13C48921
:10C72000632EF9B41A5780CD91DC0B46E8A5723F11
:10C73000CA87501DB3FE29643875A2EF410CDB9601
:10C74000420FD8953B76A1ECB0FD2A67C984531EF1
:10C75000EBA6713C92DF0845195483CE602DFAB7E1
:10C760005D10C78A2469BEF3AFE23578D69B4C01D1
:10C77000F4B96E238DC0175A064B9CD17F32E5A8C1
:10C780006800000476005401F7FD000175191A0CC9
:10C790006A231B1C1F207274433B4138393A6B6C6F
:10C7A000376F06246D6E70008300000000080000E3
:10C7B0000001001832000500000020410000D242B4
:10C7C000295C0F3E9A99993E3333733F295C0F3EA3
:10C7D00000007000000000240000000200030000C0
:10C7E00000650054FFEF0000FA80000B1282000188
:10C7F000030C30C30E8C8CE914D5400213710F8EDC
:10C800003883F8833000F883258EF8833000F8836E
:10C81000FFFFFFFF0FFEA9D6240004001A8279A1B2
:10C820000000003CFFFF00000010000038836FA2F2
:10C83000003E03304000000002CAE3093E800000D1
:10C840002000000000000000400000006000000028
:10C85000000C0000000C186E000006920A16C0DFE3
:10C86000FFFF0256FD8CD377FFE1C496E0C5BEAA58
:10C8700000000000FFFF0B2B0000165700000359BB
:10C880004000000000001DFA00026C1D00000000C6
:10C890003FFFDFEB003EB3B6000D227800002F3CD7
:10C8A00000000000001942B5000039A20000B36585
:10C8B000D90E9FC91DCF4C3430000000500000003D
:10C8C0003BB67AE80064000000C8000000000000E9
:10C8D000100000001000FA921000225E000D229F4E
:10C8E0000001000000320000FF46000063D4000099
:10C8F0001000000004D6000004CC000004CC0000AE
:10C900000000107200000040000000000000000065
:10C91000000600020005000700000000006400009F
:10C920000000000000000005000500640020000079
:10C9300000000000000000000000400000000300B4
:10C9400000000032F8980000FF650000830F00002F
:10C95000FF9BFC0000000000000000000000000041
:10C9600000000000000000000000000000000000C7
:10C9700000000000000000000000000000001000A7
:10C9800040000000000000060000B26A0002000043
:10C990000001FB830068000000D9FC007CF1FF83EC
:10C9A0000000000000650000006403E80064002847
:10C9B000000000250000000016A00000000010008C
:10C9C00000001000002F0000000001F40000100023
:10C9D00000280000FFFF4581FFFFFA720000000001
:10C9E00000000000004400050005BAC6004778A218
:10C9F000000000010000000000000600000000141C
:10CA00000000254D002F706D000005AE000C02D017
:10CA10000000000000000000000000000000000016
:10CA2000001B0000000000000000000000000000EB
:10CA3000006400000008000000000000000000008A
:10CA400000000000000000000000000000000000E6
:10CA500000000000000000000000000000000000D6
:10CA600000000000000000000000000000000000C6
:10CA700000000000000000000000000000000000B6
:10CA800000000000000000000000000000000000A6
:10CA9000001B00000000000000000000000E000E5F
:10CAA00000000AC70004000000000032FFFFFF9CE6
:10CAB00000000B2B000000020000000100000064D9
:10CAC000FFE5000000000000000000000000000082
:10CAD0000000000100000000000100000000000054
:10CAE000000180000001800000018000002426D3A6
:10CAF0000000000000000000000600100096003C4E
:10CB00000000000000000000000000000000000025
:10CB10000C0A4E68CDCF770950166759C619CE82D8
:10CB20000000000000000000000000000000000005
:10CB3000000000000000000017D784000300000080
:10CB40000000000000000000C7938F9D1E1B1C19F1
:10CB500000000000000000000000000000000000D5
:10CB600000000000000000000203188500004000E3
:10CB700000000003000000030000000000000000AF
:10CB80004000000000000000000000000000000065
:10CB90000000000000000000000000000000000095
:10CBA0000000000000000000000000000000000085
:10CBB00000000000677DDF7E72902E554CF6E688FF
:10CBC0000000000000000000000000000000000065
:10CBD000D8DCB4B8B0D8B9ABF3F8FAB3B7BB8E9E13
:10CBE000AEF132F51BF1B4B8B08097F1A9DFDFDF09
:10CBF000AADFDFDFF2AAC5CDC7A90CC92C97F1A91E
:10CC000089264666B28999A92D557DB0B08AA89625
:10CC1000365676F1BAA3B4B280C0B8A89711B283E1
:10CC200098BAA3F0240844106418B2B9B49883F1F8
:10CC3000A329557DBAB5B1A38393F0002850F5B26E
:10CC4000B6AA839328547CF1B9A3829361BAA2DA7D
:10CC5000DEDFDB819AB9AEF5606870F1DABAA2DF87
:10CC6000D9BAA2FAB9A38292DB31BAA2D9BAA2F890
:10CC7000DF85A4D0C1BBAD83C2C5C7B8A2DFDFDFEB
:10CC8000BAA0DFDFDFD8D8F1B8AAB38DB4980D35DC
:10CC90005DB2B6BAAF8C96198F9FA70E161EB49AC6
:10CCA000B8AA872C547CBAA4B08AB691325676B210
:10CCB0008494A4C808CDD8B8B4B0F19982A82D55F1
:10CCC0007D98A80E161EA22C547C92A4F02C5078AD
:10CCD000F184A898C4CDFCD80DDBA8FC2DF3D9BAFB
:10CCE000A6F8DABAA6DED8BAB2B68696A6D0F3C847
:10CCF00041DAA6C8F8D8B0B4B882A892F52C548806
:10CD000098F135D9F418D8F1A2D0F8F9A884D9C788
:10CD1000DFF8F883C5DADF69DF83C1D8F40114F1E5
:10CD2000A8824EA884F311D182F5D992289788F170
:10CD300009F41C1CD884A8F3C0F9D1D99782F12931
:10CD4000F40DD8F3F9F9D1D982F4C203D8DEDF1A91
:10CD5000D8F1A2FAF9A88498D9C7DFF8F8F883C700
:10CD6000DADF69DFF883C3D8F40114F198A8822EC2
:10CD7000A884F311D182F5D992509788F109F41C57
:10CD8000D884A8F3C0F8F9D1D99782F149F40DD825
:10CD9000F3F9F9D1D982F4C403D8DEDFD8F1AD8834
:10CDA00098CCA809F9D98292A8F57CF1883ACF9459
:10CDB0004A6E98DB6931DAADF2DEF9D88795A8F2D0
:10CDC00021D1DAA5F9F417D9F1AE8ED0C0C3AE8265
:10CDD000C684C3A88595C8A588F2C0F1F4010EF1F8
:10CDE0008E9EA8C63E56F554F18872F40115F1984E
:10CDF00045856EF58E9E0488F142985A8E9E06886F
:10CE000069F4011CF1981E1108D0F504F11E970277
:10CE100002983625DBF9D985A5F3C1DA85A5F3DFBC
:10CE2000D88595A8F309DAA5FAD88292A8F578F101
:10CE3000881A849F26889821DAF41DF3D8879F39B1
:10CE4000D1AFD9DFDFFBF9F40CF3D8FAD0F8DAF977
:10CE5000F9D0DFD9F9D8F40BD8F3879F39D1AFD9FE
:10CE6000DFDFF41DF3D8FAFCA869F9F9AFD0DADEF8
:10CE7000FAD9F88F9FA8F1CCF398DB45D9AFDFD072
:10CE8000F8D8F18F9FA8CAF38809DAAF8FCBF8D80A
:10CE9000F2AD978D0CD9A5DFF9BAA6F3FAF412F228
:10CEA000D8950DD1D9BAA6F3FADAA5F2C1BAA6F38C
:10CEB000DFD8F1BAB2B68696A6D0CAF349DAA6CBC5
:10CEC000F8D8B0B4B8D8AD84F2C0DFF18FCBC3A826
:10CED000B2B68696C8C1CBC3F3B0B48898A821DB9C
:10CEE000718D9D71859521D9ADF2FAD88597A828C5
:10CEF000D9F408D8F28D29DAF405D9F285A4C2F262
:10CF0000D8A88D9401D1D9F411F2D88721D8F40A88
:10CF1000D8F28498A8C801D1D9F411D8F3A4C8BB19
:10CF2000AFD0F2DEF8F8F8F8F8F8F8F8D8F1B8F67B
:10CF3000B5B9B08A95A3DE3CA3D9F8D85CA3D9F8DB
:10CF4000D87CA3D9F8D8F8F9D1A5D9DFDAFAD8B1C5
:10CF50008530F7D9DED8F830ADDADED8F2B48C9966
:10CF6000A32D557DA083DFDFDFB591A0F629D9FB86
:10CF7000D8A0FC29D9FAD8A0D051D9F8D8FC51D9D9
:10CF8000F9D879D9FBD8A0D0FC79D9FAD8A1F9F988
:10CF9000F9F9F9A0DADFDFDFD8A1F8F8F8F8F8AC92
:10CFA000DEF8ADDE8393AC2C547CF1A8DFDFDFF636
:10CFB0009D2CDAA0DFD9FADB2DF8D8A850DAA0D062
:10CFC000DED9D0F8F8F8DB55F8D8A878DAA0D0DFA9
:10CFD000D9D0FAF8F8F8F8DB7DF8D89CA88CF530B1
:10CFE000DB38D9D0DEDFA0D0DEDFD8A848DB58D9C7
:10CFF000DFD0DEA0DFD0DED8A868DB70D9DFDFA00D
:10D00000DFDFD8F1A888902C547C98A8D05C38D168
:10D01000DAF2AE8CDFF9D8B087A8C1C1B188A8C652
:10D02000F9F9DA36D8A8F9DA36D8A8F9DA36D8A86C
:10D03000F9DA36D8A8F9DA36D8F78D9DADF818DACE
:10D04000F2AEDFD8F7ADFA30D9A4DEF9D8F2AEDE11
:10D05000FAF983A7D9C3C5C7F1889BA77AADF7DED4
:10D06000DFA4F8849408A797F300AEF29819A48877
:10D07000C6A39488F632DFF28393DB09D9F2AADFE4
:10D08000D8D8AEF8F9D1DAF3A4DEA7F1889B7AD824
:10D09000F38494AE19F9DAAAF1DFD8A881C0C3C528
:10D0A000C7A39283F628ADDED9F8D8A350ADD9F83E
:10D0B000D8A378ADD9F8D8F8F9D1A1DADEC3C5C7BD
:10D0C000D8A18194F818F2B089ACC3C5C7F1D8B81B
:10D0D000B4B09786A8319B069907AB9728889BF038
:10D0E0000C201440B0B4B8F0A88A9A285078B79BA6
:10D0F000A8295179247059446938644831F1BBAB8F
:10D1000088002C547CF0B38BB8A804285078F1B078
:10D1100088B49726A85998BBABB38B02264666B055
:10D12000B8F08A9CA82951798B2951798A247059A1
:10D130008B2058718A4469388B3940688A64483139
:10D140008B30496088F1AC002C547CF08CA804280A
:10D150005078F1889726A85998AC8C02264666F03C
:10D16000899CA8295179247059446938644831A9A7
:10D170008809205970AB11384069A8193148608C72
:10D18000A83C415C207C00F187981986A86E767EC9
:10D19000A999882D557DD8B1B5B9A3DFDFDFAED011
:10D1A000DFAAD0DEF2ABF8F9D9B087C4AAF1DFDF8D
:10D1B000BBAFDFDFB9D8B1F1A3978E60DFB084F2E7
:10D1C000C8F8F9D9DED89385F14AB183A308B583AD
:10D1D0009A0810B79F10D8F1B0BAAEB08AC2B2B6F2
:10D1E0008E9EF1FBD9F41DD8F9D90CF1D8F8F8AD21
:10D1F00061D9AEFBD8F40CF1D8F8F8AD19D9AEFB73
:10D20000DFD8F416F1D8F8AD8D61D9F4F4ACF59C03
:10D210009C8DDF2BBAB6AEFAF8F40BD8F1AED0F88D
:10D22000AD51DAAEFAF8F1D8B9B1B6A3839C08B91A
:10D23000B1839AB5AAC0FD3083B79F10B58B93F226
:10D240000202D1ABDADED8F1B080BAABC0C3B2848F
:10D25000C1C3D8B1B9F38BA391B609B4D9ABDEB0D1
:10D26000879CB9A3DDF1B38B8B8B8B8BB087A3A38A
:10D27000A3A3B28BB69BF2A3A3A3A3A3A3A3A3A32D
:10D28000A3F1B087B59AA3F39BA3A3DCBAACDFB933
:10D29000A3A3A3A3A3A3A3A3A3A3A3A3A3A3A3A35E
:10D2A000D8D8D8BBB3B7F1AAF9DAFFD9809AAA289F
:10D2B000B48098A720B79787A86688F07951F19035
:10D2C0002C870CA781976293F07171608594012976
:10D2D000517990A5F1284C6C870C95188578A3831B
:10D2E00090284C6C886CD8F3A28200F210A8921996
:10D2F00080A2F2D926D8F188A84DD948D896A83965
:10D3000080D93CD89580A839A68698D92CDA87A7E9
:10D310002CD8A8899519A980D938D8A88939A98085
:10D32000DA3CD8A82EA83990D90CD8A8953198D92C
:10D330000CD8A809D9FFD801DAFFD89539A9DA267F
:10D34000FFD890A80D8999A810809821DA2ED88945
:10D3500099A83180DA2ED8A886963180DA2ED8A8FE
:10D36000873180DA2ED8A88292F34180F1D92ED865
:10D37000A882F31980F1D92ED882ACF3C0A2802202
:10D38000F1A62EA72EA92298A829DAACDEFFD8A2F2
:10D39000F22AF1A92E8292A8F23180A696F1D90044
:10D3A000AC8C9C0C30ACDED0DEFFD88C9CACD010AA
:10D3B000ACDE8092A2F24C82A8F1CAF235F19688D6
:10D3C000A6D900D8F1FF0000555555555555C53F14
:10D3D0007D6FEB0312D6D4BF5544880E55C1C93FAB
:10D3E0003B8F68B52882A4BF88B20175E0EF493F42
:10D3F00009F7FD0DE13D023F4B2D8A1C273A03C082
:10D40000C88A599CE52A004059018D1B6C06E6BF6D
:10D4100082922EB1C5B8B33F4FBB610567ACDD3F0B
:10D42000182D4454FB21E93F9BF681D20B73EF3F4B
:10D43000182D4454FB21F93FE2652F227F2B7A3CC3
:10D44000075C143326A6813CBDCBF07A8807703C7C
:10D45000075C143326A6913CC4EB98999999C9BFEF
:10D46000711623FEC671BCBF6D9A74AFF2B0B3BF24
:10D470009AFDDE522DDEADBF2F6C6A2C44B4A2BFE4
:10D480000D5555555555D53FFF8300922449C23F50
:10D490006E204CC5CD45B73F513DD0A0660DB13F84
:10D4A000EB0D76244B7BA93F11DA22E33AAD903F96
:10D4B000000000000000F03F000000000000F83F06
:10D4C00000000000000000000000004003B8E23F40
:10D4D000000000000000000006D0CF43EBFD4C3EF2
:10D4E000033333333333E33FFFAB6FDBB66DDB3FE7
:10D4F0004D268F515555D53F01411DA96074D13F2F
:10D5000065DBC9934A86CD3FEF4E454A287ECA3F28
:10D510003E5555555555C53F93BDBE166CC166BFAA
:10D520002CDE25AF6A56113FF16BD2C541BDBBBEA3
:10D53000D0A4BE726937663E000000000000000003
:10D5400000004054FB21F93F3163621A61B4D03DC1
:10D550000000601A61B4D03D7370032E8A19A33B9A
:10D560000000002E8A19A33BC14920259A837B39EC
:10D5700000000000000000006E83F9A22915444E4F
:10D58000D15727FCC0DD34F5999562DB4190433CCF
:10D59000AB6351FE61C5BBDE3A6E24B7E0D24D42AB
:10D5A000EA2E49061C92D1091CEB1DFE3EA729B1AB
:10D5B000F53582E88444BB2E26709CE9417E5FB439
:10D5C00039D69139F43953838B5F849C3B28F9BD5C
:10D5D000FF97F81F0F9805DE8B112FEF1F6D0A5A6A
:10D5E000CF7E366DB709CB27663F464F2DEA5F9E4B
:10D5F000C7BA27757BF1E5EBF739073DEA92528A06
:10D60000B15FFB6B085D8D1F7AFE10111111C13FD8
:10D6100037D60684F464963F280356C9226D6D3FC1
:10D620000165F2F2D844433FA69237A0887E143FAA
:10D63000735360DBCB75F3BEFE41B31BBAA1AB3FA6
:10D6400093846EE9E326823F1583E0FEC8DB573FF3
:10D6500068108D1AF726303FE9A7F0320FB8123F55
:10D66000D47ABF74702AFB3E50726F647563742065
:10D6700049442072656164206173203020696E64C2
:10D680006963617465732064657669636520697395
:10D690002065697468657220696E636F6D7061746E
:10D6A00069626C65206F7220616E204D5055333079
:10D6B00035302E0D0A000000D8D6000800000020EA
:10D6C0008C03000056A2000814D800088C03002028
:10D6D000741F0000F8A900081184A24A04680D0113
:10D6E0000203040607080902040608106914391029
:10D6F00001370B1901421C11120212031204120508
:10D700001206120712081209120A120B120C120D3D
:10D71000120E120FC210021C640B21DC0588312589
:10D720009A99993E1A80040118234843270C4317FD
:10D73000B7513A280FF042ACC527375B94D939AEC0
:10D740000F7A440C6809BC74933C7F6ADC400C3C43
:10D75000FED4380C1815F0A22F3C5BD33C3D17B714
:10D76000D1388FC2753C2B18953C0C3809B8651917
:10D77000623C7DAE361828080AD7233CCDCCCC18A5
:10D78000280A3838DBDC3A12DA823E3C253C8386B4
:10D790003C181B404082A8FB3862BE3C392176A66B
:10D7A0003B6F12033CCDE9323D713D5A408C2A3922
:10D7B000041809BC572D3CF2D285401C1A3A443853
:10D7C00009393B704E3C62A1D65028095070B13CDB
:10D7D00052B89E3E0C3808CF6B6C3D7250421838E0
:10D7E00008DE02093DD5CF9B0C017C0B14DC05043F
:10D7F000011C138CC71B08800401207AA824032471
:10D80000803F5AFF04320105620AD7A33BA9982939
:04D810000CE91061AE
:0400000508000131BD
:00000001FF
