:020000040800F2
:10000000482700201502000853550008FB4200084D
:1000100051550008C50900082573000800000000BC
:100020000000000000000000000000002162000845
:10003000450E000800000000975E00088D6C000867
:100040002F0200082F0200082F0200082F020008CC
:100050002F0200082F0200082F0200082F020008BC
:100060002F0200082F0200082F0200082F020008AC
:100070002F0200082F0200082F0200082F0200089C
:100080002F0200082F0200082F0200082F0200088C
:100090002F0200082F0200082F0200082F0200087C
:1000A0002F0200082F0200082F0200082F0200086C
:1000B0000D6D00082F020008196D00082F020008BE
:1000C0002F0200082F0200082F0200082F0200084C
:1000D0002F020008F17200082F02000819730008AF
:1000E0002F0200082F0200082F0200082F0200082C
:1000F000316D00082F0200082F0200082F020008AF
:100100002F0200082F020008256D00082F020008AA
:10011000C9700008D57000082F0200082F020008DF
:100120002F0200082F0200082F0200082F020008EB
:1001300000F002F800F05FF80AA090E8000C82449A
:100140008344AAF10107DA4501D100F054F8AFF277
:10015000090EBAE80F0013F0010F18BFFB1A43F0A5
:1001600001031847F4B7000014B800000A444FF028
:10017000000C10F8013B13F0070408BF10F8014B06
:100180001D1108BF10F8015B641E05D010F8016B4B
:10019000641E01F8016BF9D113F0080F1EBF10F8AF
:1001A000014BAD1C0C1B09D16D1E58BF01F801CBD2
:1001B000FAD505E014F8016B01F8016B6D1EF9D555
:1001C0009142D6D37047000000230024002500266A
:1001D000103A28BF78C1FBD8520728BF30C148BFAA
:1001E0000B607047642900F07780002070471FB5CE
:1001F0001FBD10B510BD00F009FA1146FFF7F7FF5B
:1002000008F042FB00F027FA03B4FFF7F2FF03BC4B
:1002100007F0D4FC0948804709480047FEE7FEE79D
:10022000FEE7FEE7FEE7FEE7FEE7FEE7FEE7FEE7A6
:1002300004480549054A064B704700000B6D00084D
:1002400031010008482100204827002048230020D1
:1002500048230020704700000FB4044910B503AADA
:10026000029800F06BF910BC5DF814FB2C00002024
:100270002DE9F0410E460446002020622046E16848
:10028000884730B3252805D0D4E901219047206A5A
:10029000401CF2E7E168204600278847050018D097
:1002A000A5F14100192802D820354FF400673246E5
:1002B000294620462760FFF795FF40B1012804D06A
:1002C000F61D26F007060836D8E7361DD6E728467D
:1002D000DAE7206ABDE8F0812DE9F0410646002406
:1002E00010687529314616A510D0AFF3008000289C
:1002F00002DA404213A507E031688A0701D512A54A
:1003000002E0490704D511A5012401E0AFF3008004
:1003100000210A2206F1240709E0B0FBF2FCB0FB41
:10032000F2F302FB1C00303078541846491C0028B8
:10033000F3D123462A463046BDE8F04100F0A5B887
:10034000000000002D0000002B0000002000000035
:10035000032A40F2308010F0030C00F0158011F8F1
:10036000013BBCF1020F624498BF11F801CB00F8C9
:10037000013B38BF11F8013BA2F1040298BF00F81D
:1003800001CB38BF00F8013B11F0030300F0E88017
:10039000083AC0F0088051F8043B083A51F804CB01
:1003A000A0E80810F5E7121D5CBF51F8043B40F8C7
:1003B000043BAFF30080D20724BF11F8013B11F8D2
:1003C00001CB48BF11F8012B24BF00F8013B00F816
:1003D00001CB48BF00F8012B70474FF00002042901
:1003E000C0F0128010F0030C00F01B80CCF1040C64
:1003F000BCF1020F18BF00F8012BA8BF20F8022B98
:10040000A1EB0C0100F00DB85FEAC17C24BF00F83D
:10041000012B00F8012B48BF00F8012B70474FF06B
:10042000000200B5134694469646203922BFA0E844
:100430000C50A0E80C50B1F12001BFF4F7AF090750
:1004400028BFA0E80C5048BF0CC05DF804EB890041
:1004500028BF40F8042B08BF704748BF20F8022B84
:1004600011F0804F18BF00F8012B7047704770479C
:100470007047704710B500F0A5F8006810BD10B5C2
:10048000044600F09FF8046010BD2DE9F0470D46CA
:1004900099469246044600F124080168880604D56E
:1004A000E06921F01001216000E00120A84201DD97
:1004B000471B00E00027A1697A1902EB0900081A1E
:1004C000A0612078C00602D42046AFF30080002649
:1004D00008E0D4E901211AF806009047206A401C80
:1004E000761C20624E45F4DB2078C0060AD52046F3
:1004F000AFF3008006E0D4E9012130209047206A64
:10050000401C2062381EA7F10107F4DC07E0D4E9A3
:10051000012118F805009047206A401C2062281E1F
:10052000A5F10105F3DC2046AFF30080207800063A
:1005300002D50220BDE8F0870120FBE7074B70B52C
:100540000D467B4400F047F80446284600F056F874
:1005500010B14FF0FF3070BD204670BD4B820000DF
:1005600010B5203AC0F00B80B1E81850203AA0E84E
:100570001850B1E81850A0E81850BFF4F5AF5FEA82
:10058000027C24BFB1E81850A0E8185044BF18C935
:1005900018C0BDE810405FEA827C24BF51F8043BDC
:1005A00040F8043B08BF7047D20728BF31F8023B30
:1005B00048BF11F8012B28BF20F8023B48BF00F8C4
:1005C000012B704700487047E820002001694A1C51
:1005D00002610878704700B58FB0CDE90131002184
:1005E000059105497944CDE9031011466846FFF7A6
:1005F0003FFE0FB000BD0000E5FFFFFF007B00F0F5
:100600008000704700487047E82000207546FFF7DB
:10061000F9FFAE4605006946534620F007008546BF
:1006200018B020B5FFF704FEBDE820404FF00006EB
:100630004FF000074FF000084FF0000B21F00701CA
:10064000AC46ACE8C009ACE8C009ACE8C009ACE80D
:10065000C0098D46704710B50446AFF300802046B0
:10066000BDE81040FFF7D0BD70B504460068816852
:10067000C943C90717D1816821F00101816001F0E8
:10068000C9FE05460AE000BF01F0C4FE401B022877
:1006900004D920688068C043C00706D020688068FD
:1006A000C043C007F0D0002070BDA06A40F0100029
:1006B000A062E06A40F00100E062012070BD00002D
:1006C000F8B500260446009600688168C943C9074A
:1006D0002DD0816841F001018160164816490068FB
:1006E000B0FBF1F000E0401E00900028FBD101F0CB
:1006F00091FE054616E000BF01F08CFE401B02286B
:1007000010D920688068C043C0070BD0A06A40F0B1
:100710001000A062E06A40F00100E06284F824600A
:100720000120F8BD20688068C043C007E4D10020E4
:10073000F8BD00003000002040420F0070B5254891
:10074000032186B000884000A0F5FA6090FBF1F02C
:10075000002801DA002002E0642800DD6420204A3D
:100760001D4C1E4E1178A9B100211E4D11702A7822
:10077000012A11D049B3206809F0EEFE0446306822
:1007800009F0EAFE0146224617A006B0BDE8704017
:10079000FFF762BD0121E8E71648006809F0DCFEBA
:1007A00006461548006809F0D7FE00240146059466
:1007B0000294039404940094234632460FA00194BB
:1007C000FFF74AFD2C7006B070BD0146002213A051
:1007D000DBE70000080000202C0B00201C0B002091
:1007E00070020020DC0000207B4225643A25647DF5
:1007F00024000000C8000020B40000207B432564D2
:100800003A25643A25643A25643A25643A25643ADF
:1008100025643A25643A25647D2400007B412564E3
:100820003A25643A7D2400002DE9F0478A46814646
:100830000AF02BF8344C80460146606809F056FDFA
:1008400032496060884202DC3149884200D96160E7
:100850003048314D514606782B48876848460AF0A3
:1008600014F839460AF01CF816B3012E2BD0022ECC
:1008700034D0296B09F00CFF06466168686B09F0FB
:1008800007FF0746D5F82C00414680F0004009F0EC
:10089000FFFE39460AF004F831460AF001F8C4F8C0
:1008A000088020601D48406810F0FF4F21D027E0ED
:1008B000E96809F0EDFE06466168286909F0E8FE7E
:1008C0000746A868E0E7A96909F0E2FE0646616804
:1008D000E86909F0DDFE07466869D5E7696A09F04D
:1008E000D7FE06466168A86A09F0D2FE0746286A64
:1008F000CAE70B48406810F0FF4F01D1002060604C
:100900002068BDE8F08700002402002000007A443F
:1009100000007AC407000020240100201C0B0020E6
:100920002C0B002010B52048204C0178002089B104
:10093000012916D01E4A022915D0032918D00429EE
:1009400013D0052917D01B4A06290ED007290FD02E
:10095000082908D0E061206217480078012810D0EB
:1009600017E0A16B0AE0A06B02E0A06B80F00040F2
:10097000C4E90702F0E7A16B81F00041C4E9071068
:10098000EAE70121206A0AF060F80C4909F022FD2B
:1009900020620B49E06909F01DFDE061206A80F0EA
:1009A0000040206210BD0000DD0000207C0000201F
:1009B000DB0FC93FDB0FC9BF07000020000020414B
:1009C00000007A44FEE7000010B50B4B4FF40041E5
:1009D00058B10A4C2268521C2260824204DB18463D
:1009E00001F00BFD0020206010BDBDE8104000228A
:1009F000184601F00ABD0000000801403400002044
:100A00003EB50021144800910191124A0291026002
:100A100081600173017501244FF460220461C26199
:100A2000416001F0F5F808B100F0CAFB0F20CDE9F4
:100A30000004072002906946074801F065F808B1F4
:100A400000F0BEFB044801F055FA034800F0F0FF47
:100A50003EBD0000002401406803002070B5154829
:100A600086B0816941F004018161816901F004016E
:100A70000491816941F0100181618069012400F0D5
:100A8000100004901020CDE900040B4E02256946A9
:100A90000395304601F0B0FB2020CDE90004694603
:100AA0000395304601F0A8FB06B0BDE87040FFF7A3
:100AB000A7BF0000001002400008014010B505F07B
:100AC000EBF900F07FFB074807490068086007481A
:100AD000407909F095FD4FF0854100F00BF804498D
:100AE000086010BDC8000020980000200801002008
:100AF0009C0000202DE9F0478A46814609F0C5FE9A
:100B0000354C80460146606C09F0F0FB3349606467
:100B1000884202DC3249884200D9616431482E4D56
:100B2000514606782C48803D876C484609F0ADFE5A
:100B3000394609F0B5FE012E1FD056B3022E34D02F
:100B4000E96D09F0A5FD0646616C286E09F0A0FD6F
:100B500007464146D5F8580009F09AFD394609F094
:100B6000C5FB314609F0C2FBC4F8488020641E482A
:100B7000406810F0FF4F24D02AE0A96B09F088FDEF
:100B80000646616CE86B09F083FD07464146686BD9
:100B9000E2E7696C09F07CFD0646616CA86C09F01F
:100BA00077FD07464146286CD6E7296D09F070FDB0
:100BB0000646616C686D09F06BFD07464146E86CBE
:100BC000CAE70A48406810F0FF4F01D10020606476
:100BD000206CBDE8F08700002402002000409C4506
:100BE00000409CC5070000201C0B00202C0B00209F
:100BF0000A480C4902780A4842B1012A06D0022A62
:100C000008D0094A0260094808607047084A026033
:100C10000848F9E7084A02600848F5E7070000209D
:100C20002000002024000020308C0D3E8D976E3E69
:100C3000D589573E9EEF273EA3540A3E713D0A3E9A
:100C4000024610B50020012903D000290BD10A4B20
:100C50000EE0094B0021323B03E05C5C6040491C24
:100C6000C9B29142F9D310BD5C5C6040491CC9B265
:100C70009142F9D310BD0000A00B00202DE9F041F6
:100C80000D4C0A4607460B4E1046216809F000FD40
:100C9000216B09F02BFB0146084809F0F9FC0546D9
:100CA0003146384609F0F4FC294609F01FFB206361
:100CB000BDE8F0810AD7A33CD802002048E17A3F82
:100CC0002DE9F0410D4C0A4607460B4E10462168AF
:100CD00009F0DEFC216E09F009FB0146084809F025
:100CE000D7FC05463146384609F0D2FC294609F0C2
:100CF000FDFA2066BDE8F0810AD7A33CD8020020A7
:100D000048E17A3F70B51448008809F079FC13492E
:100D100009F060FB044612480121C06800F068F841
:100D200010480221C06800F063F80321204600F05B
:100D30005FF8032000F01CF80B4A00210B4B141D38
:100D400006E015686D06FCD55D5C2560491CC9B2DE
:100D50008142F6D370BD0000080000200000C842A8
:100D60001C0B00202C0B002000380140980A0020AA
:100D70000A2839D890B31D4924220B280A7033D28F
:100D8000DFE800F032060A0E12161A1E22272D0086
:100D90000520487106207047092048720A207047D4
:100DA0000D2048730E2070471120487412207047A0
:100DB0001520487516207047192048761A2070476C
:100DC0001D2048771E207047212081F82100222015
:100DD0007047252081F825002620704704E029204F
:100DE00081F829002A20F8E70020F6E7980A002079
:100DF00003B50A2912D8002910D00B290ED2DFE83A
:100E000001F00D06080E10121416181A1C0001220B
:100E100000E005220A49684600F04CFA0CBD0922A0
:100E2000F8E70D22F6E71122F4E71522F2E719227E
:100E3000F0E71D22EEE72122ECE72522EAE7000099
:100E4000980A002070470000F0B513480021007890
:100E500001281FD1114C124A00204FF0937640F226
:100E6000BB254FF4C37700BF00EB400302EB430305
:100E7000D3F802C0A444B44505D91B885B1EAB421D
:100E800001D2491CC9B2401CB842EDDB032901D98B
:100E90000120F0BD0020F0BDC4000020000090BD86
:100EA000281700202DE9F04109F0EFFC1B4C054606
:100EB0000146606A09F01AFA19496062884202DC48
:100EC0001849884200D961622846A16A09F0E8FC05
:100ED000154EF16E09F0DCFB0746616A306F09F0D0
:100EE000D7FB8046B06E294680F0004009F0D0FB69
:100EF000414609F0D5FC394609F0D2FC0B49A56200
:100F00002062496811F0FF4F06D10949496811F084
:100F1000FF4F01D100216162BDE8F0812402002071
:100F200000007A4400007AC4240100201C0B002039
:100F30002C0B00200020401C0A28FCDB704700F02E
:100F400001B800003EB50021144800910191124AF9
:100F50000291026081600173017501244FF46022E7
:100F60000461C261416000F053FE08B100F028F94D
:100F70000720CDE901400F2000906946074800F0A6
:100F8000C3FD08B100F01CF9044800F0B3FF0348AA
:100F900000F04EFD3EBD000000240140680300202B
:100FA00070B5042000F00EFA1F4CE060052000F040
:100FB00009FA20610F2000F005FA60612169E368F9
:100FC00001EBC10202EB011203EB8205C72202FB17
:100FD00000521944084492FBF0F0A061FFF734FF7F
:100FE000124E134D50B113480078D8B15FF0000095
:100FF000FFF7EAFC00203060286070BD0E480068F2
:1010000030600E48007858B1012809D06421A069E9
:1010100000F016F82860BDE870400020FFF7D4BC4F
:101020005C21F4E76420E3E7080100209800002039
:101030009C0000201C000020CC00002007000020A5
:101040002DE9F04707460D46C81B09F0C1FA554C7B
:101050000146E062606B09F049F9534960638842D8
:1010600002DC5249884200D9616351480678E81B86
:1010700009F0AEFA09F070FA4A4D803DAEB3012E88
:1010800050D0022E69D007F067FD09F0B9FA296B3C
:1010900009F0FEFAE16A894609F0FAFA074648467D
:1010A000A16B09F0FDFBA96A09F0F2FA0646616B33
:1010B000E86A09F0EDFA8046D5F82400494680F048
:1010C000004009F0E5FA414609F0EAFB314609F033
:1010D000E7FB394609F0E4FB2063E06AA06335488A
:1010E000406810F0FF4F53D059E0FFE707F034FDA0
:1010F00009F086FA296809F0CBFAE16A894609F015
:10110000C7FA07464846A16B09F0CAFB2A4DA96FEA
:1011100009F0BEFA0646616BE86F09F0B9FA80463D
:10112000686FCBE707F018FD09F06AFA296909F042
:10113000AFFAE16A894609F0ABFA07464846A16B67
:1011400009F0AEFBA96809F0A3FA0646616BE868EE
:1011500009F09EFA80466868B0E707F0FDFC09F0E8
:101160004FFA296A09F094FAE16A894609F090FA7F
:1011700007464846A16B09F093FBA96909F088FA74
:101180000646616BE86909F083FA8046686995E76D
:101190000A48406810F0FF4F01D100206063206BC7
:1011A000BDE8F0872402002000409C4500409CC51B
:1011B000070000201C0B0020240100202C0B002025
:1011C00072B6FEE770B53949394C0F230888208183
:1011D00002462370257831F81560864200D33046E8
:1011E0006D1CEDB225707B2DF4D3208162812370BC
:1011F000257831F81560964200D832466D1CEDB264
:1012000025707B2DF4D310446281C0F34700A07198
:101210002370237831F81350854212D901EB430231
:10122000568886420DD9968886420AD9D688864243
:1012300007D21689864204D25589854201D2A3700D
:1012400004E05B1CDAB22270762AE2D37622627066
:10125000D3B231F81320824212D201EB43025588F7
:1012600085420DD2958885420AD2D588854207D914
:101270001589854204D95289824201D9E37004E07C
:101280005B1EDAB262700F2AE2D8E078A1780844D7
:10129000400860712179401A07F05EFC5A2801D994
:1012A000207960716079207170BD0000080C002009
:1012B0000801002003788B54114443784B708278E6
:1012C0008A70C078C87070472DE9F0478A46814619
:1012D00009F0DBFA344C80460146606909F006F8F3
:1012E00032496061884202DC3149884200D961613B
:1012F0003048314D514606782B488769484609F0F9
:10130000C4FA394609F0CCFA012E1ED0022E28D09C
:101310009EB3E96B09F0BCF906466169286C09F0D7
:10132000B7F907464146A86B09F0B2F9394608F00B
:10133000DDFF314608F0DAFFC4F8188020611F484D
:10134000406810F0FF4F25D02BE0A96C09F0A0F900
:1013500006466169E86C09F09BF907464146686CEE
:10136000E2E7696D09F094F906466169A86D09F034
:101370008FF907464146286DD6E7FFE7296E09F049
:1013800087F906466169686E09F082F907464146A9
:10139000E86DC9E70A48406810F0FF4F01D100200E
:1013A00060612069BDE8F0872402002000007A44D3
:1013B00000007AC407000020240100201C0B00203C
:1013C0002C0B00203EB569460090072002900120BA
:1013D00001900A4800F098FB084800F08BFD1E21A0
:1013E000064800F0E9FC054800F00CFC800503D538
:1013F000024800F009FC84B220463EBD680300208C
:101400003EB56946009007200290012001900A48ED
:1014100000F07AFB084800F06DFD1E21064800F040
:10142000CBFC054800F0EEFB800503D5024800F038
:10143000EBFB84B220463EBD980300202DE9F04727
:10144000054601287DD04421D02002F057FF0446F4
:101450004321D02002F052FF04EB0020694C4621CA
:10146000A082D02002F04AFF06464521D02002F09B
:1014700045FF06EB002020834821D02002F03EFFEC
:1014800006464721D02002F039FF06EB0020E0821B
:101490003C21D02002F032FF06463B21D02002F052
:1014A0002DFF06EB0020E0813E21D02002F026FF38
:1014B00006463D21D02002F021FF06EB002060818E
:1014C0004021D02002F01AFF06463F21D02002F032
:1014D00015FF06EB002000B2A08108F064FB064671
:1014E0000F46B4F90A0008F05EFB32463B4606F0B0
:1014F000AFFDDFF814810022434608F0BBFBDFF8A4
:101500000CA14FF0C0494A46534608F089F908F04B
:101510001BFB2082B4F90C0008F045FB06460F4681
:10152000B4F90E0008F03FFB32463B4606F090FD52
:101530000022434608F09EFB4A46534608F070F9E5
:1015400000E040E008F000FB6082B4F9140008F00D
:101550002AFB2F4E0022334608F062F908F0F4FA15
:1015600000B2A0828046B4F9180008F01CFB0022EB
:10157000334608F055F908F0E7FA264E264F208347
:10158000022D24D0032D1CD1404609F021F8054638
:10159000B4F9100009F01CF82946FFF76FFB80F042
:1015A00000403060B4F9180009F012F80546B4F9AB
:1015B000120009F00DF82946FFF782FB80F0004089
:1015C0003860BDE8F087BDE8F04704F0AFBC4046A6
:1015D00008F0FEFF0546B4F9100008F0F9FF2946AF
:1015E00003F09AF880F000403060B4F9180008F079
:1015F000EFFF0546B4F9120008F0EAFF294603F0B0
:1016000039F9DBE77C00002000806640FB210940BF
:1016100000605040880200208C02002070B505F068
:1016200083FE244A012814D0022838D003283BD155
:101630001078042838D12049087878B30020087041
:10164000002831D1BDE8704040F624111B48FEF758
:10165000C4BE1078401CC3B21370042B17D0184DB1
:101660004FF40044052B16D0062B1DD11549002040
:1016700010700860144908601449486014494860B3
:1016800021462846BDE87040002200F0BEBEBDE8FD
:101690007040FFF754BCFFF7E1F9F1E707E00D48B0
:1016A000017811B10021017070BD0121FBE701201B
:1016B000C5E700007C000020C4000020281700209F
:1016C000000801409C000020980000202C0B002006
:1016D0001C0B0020040000202DE9F041164CA168ED
:1016E000206802F0D5FF08F073FF04F11005606078
:1016F000A968286802F0EEFF08F06AFF68600F48EA
:10170000007808B1072807D1606803F0D1FE606057
:10171000686803F0F5FE6860094E606877423246FB
:10172000394604F09FFB606032463946686804F031
:1017300099FB6860BDE8F0811C0B00207C00002054
:101740000CE5FFFF2DE9FE4F0746744C70480E462E
:101750000090704A7049E06907F050FFE061704AFC
:101760007049206A07F04AFF20626F48714DDFF828
:10177000C08102786D484FF0FF3905F11004012A4D
:101780000AD06D4B86F000411AB1022A01D0032A1B
:101790007DD19F427CD299E068490291B246494688
:1017A000006809F052F908F075FD06468946504672
:1017B00008F070FD07F0F0FE02460B464FF00040C7
:1017C0005F4908F02DF832464B4608F079FC07F0E7
:1017D00039FF83465B4A5C49504607F00FFF0646D7
:1017E00010F0FF4F18D0DFF864915846494609F0D1
:1017F00057F8394608F04CFF594608F0EBFDA86051
:101800004946584608F072FD394608F041FF5946EE
:1018100008F0E0FDA06001E0AF60A7604C493046F1
:1018200008F036FF08F036FD82468B46304608F059
:1018300031FD064600224FF08043019107F09AF9EE
:101840000022444B08F016FA07468946304600222B
:10185000414B019907F08EF94FF000423F4B08F0E1
:1018600009FA3A464B4607F01FFF52465B4608F01E
:1018700027FC00223A4B07F017FF07F0E3FE394937
:1018800009F00EF8029908F003FF374901E01BE068
:101890003CE008F02BFD08F05FFE204F4646414635
:1018A0007862A868009A07F0A9FEA8603146A0688F
:1018B000009A07F0A3FEA06040F698024FF448712A
:1018C000786A07F0ADFE7862BDE8FE8F01683046A9
:1018D00008F0DEFE494609F0B8F88146394608F0BE
:1018E000D4FF0646A8604846394608F0FFFCA060D1
:1018F000474641463046009A07F080FEA8603946C8
:10190000A068009A07F07AFEA060DDE70E46DDE7EA
:10191000000060409A99993F9A9999BF7C000020F5
:10192000920A863F920A86BF07000020240000200A
:10193000000060C01C0B002000008080D7231F44E3
:10194000976EC23F0AD7A33E48E1FABE54E3A53DD5
:10195000E5D0E23FD34DF43F000008409318E4BFC8
:10196000022BF93F4C37C93F0080BB442DE9F041C1
:10197000042004F0B3FB1B4C2060082004F0AEFBF5
:10198000054660601848007828B1012803D0022875
:1019900001D0032807D1206808F01AFE07466842E4
:1019A00008F016FE0646114C3846214608F070FE37
:1019B0000F4909680F4608F06BFE0E4D294608F0E6
:1019C00009FD0D4908602146304608F061FE3946A0
:1019D00008F05EFE294608F0FDFC0749103108605A
:1019E000BDE8F081BC000020070000200000484353
:1019F000200000200000C3441C0B002010B50B2069
:101A0000FFF7FEFC08F0FCFD064908F041FE064920
:101A100008F03EFE054908F03BFE08F0B9FD80B233
:101A200010BD00006740533A000030410000C8423A
:101A3000F8B500250446009590F8240001280BD045
:101A4000012084F824002046FEF70EFE2046FEF713
:101A500037FE060002D050E00220F8BDA06A20F454
:101A6000885040F00200A062022000F075FD254978
:101A70000968B1FBF0F0400000E0401E0090002833
:101A8000FBD12068816841F00801816000F0C2FC50
:101A9000074608E000F0BEFCC01B0A2803D92068F6
:101AA0008068000715D4206880680007F2D4206899
:101AB000816841F00401816000F0ACFC074612E04F
:101AC00000F0A8FCC01B0A280DD9206880684007D8
:101AD00009D5A06A20F0020040F01000A06284F84E
:101AE00024500120F8BD206880684007E8D4A06A2F
:101AF00020F0020040F00100A06284F8245030463B
:101B0000F8BD000030000020F8B50024009490F8E3
:101B100024202546012A12D0012280F824204A6878
:101B20001F23072A0DD20668776B521E02EB820232
:101B300093409F430B6893401F43776319E0022053
:101B4000F8BD06680D2A0AD2376BD21F02EB82025B
:101B500093409F430B6893401F43376309E0F76A44
:101B60000D3A02EB820293409F430B6893401F4360
:101B7000F7620A68072306680A2A0AD3F7680A3A4E
:101B800002EB420293409F438B6893401F43F760F0
:101B900008E0376902EB420293409F438B68934011
:101BA0001F4337610A68102A01D0112A20D1124B35
:101BB00002689A4217D193681B0219D4936843F4C0
:101BC000000393600968102912D10C490C4A096876
:101BD000B1FBF2F101EB8101490000E0491E0091E7
:101BE0000029FBD104E0816A41F0200181620124D7
:101BF00080F824502046F8BD002401403000002029
:101C000040420F00806A70470068C06C7047000057
:101C10002DE9F04104004FF000057FD0A06A0026B6
:101C200028B9E66284F82460204600F081F8204656
:101C3000FEF71AFDA16AC90600D420B1A06A40F0DF
:101C40001000A0626AE0A16A21F4885141F002010B
:101C5000A162334923688B42E16904D1B1F5402F79
:101C600001D14FF40021277B4FF4807C41EA4702E9
:101C700061680A43A168614508D0012906D00021A6
:101C800094F814E0BEF1010F02D00AE06146F7E7D4
:101C9000C7B1A76A47F02007A762E76A47F00107C4
:101CA000E7625F6827F469470F435F6023689968BC
:101CB0001C4F394011439960A16861450BD001293F
:101CC00009D00CE0DFF860E0A7690EEB47370F435F
:101CD00047F40061E5E7218A0D05A5F58015216827
:101CE000CB6A23F470032B43CB62216889680F4BC6
:101CF0001940914208D1E662A16A21F0020141F047
:101D00000101A162BDE8F081A06A20F0020040F06C
:101D10001000A062E06A40F00100E0620120F1E7FB
:101D2000003C0140FDF7E1FF00E0FFFFFE0E1FFF5A
:101D300010B586B0002100910191029103911A4CD7
:101D400003681A4903221A48A34211D18B6943F44C
:101D500000738B618B6903F4007304938B6943F008
:101D600010038B61896901F010010491012113E0D6
:101D7000104CA34215D18B6943F480638B618B694E
:101D800003F4806304938B6943F010038B618969CA
:101D900001F0100104910221CDE90012694600F022
:101DA0002BFA06B010BD00000024014000100240D4
:101DB00000100140002801402DE9F84300270D469E
:101DC0000446009700F026FB804620688168C9051C
:101DD00008D5A06A40F02000A06284F82470012099
:101DE000BDE8F8834168C90503D4C06A10F4700FD8
:101DF0002AD0022000F0B0FB3B490968B1FBF0F6A5
:101E00002068036939490B424FEA61014FEAA11288
:101E10001FD1C3684FEA611C13EA0C0F19D1036983
:101E20000B4225D1C068104222D1142023E0681C47
:101E30000AD02DB100F0EEFAA0EB0800A84203D9B9
:101E400020680068800725D5206800688007EED5E7
:101E50002DE003690B4202D1C168114206D002692C
:101E600023490A4206D1C068084203D1542002E047
:101E7000292000E0FC204643009816E0681C11D0A1
:101E80002DB100F0C7FAA0EB0800A8420AD90098CB
:101E9000B04207D2A06A40F00400A06284F8247027
:101EA00003209DE70098401C0090B042E6D32168D3
:101EB0006FF012000860A06A40F40070A062206811
:101EC0008068C0F3424007280CD1207B50B9A06A3B
:101ED00020F48070A062A06AC00403D4A06A40F01D
:101EE0000100A06200207BE73000002024499224FA
:101EF0004992240070B5044690F8240001280DD0C2
:101F0000012084F824002046FEF7DAFB02004FF09F
:101F1000000005D084F82400104670BD022070BD7A
:101F2000A16A40F20123994341F48071A1621F4DDF
:101F300023681F49AB4218D10E6816F4702F14D0D5
:101F4000A66A46F48016A6620E68760505D5A66ACE
:101F500026F4005646F48056A662A66AF6040AD510
:101F6000E66A26F00606E66206E0A66A26F4801611
:101F7000A6625E68E9E7E06284F824006FF0020080
:101F8000186020688368C3F34243072B05D1A84239
:101F900008D1096811F4702F04D0816841F48011D0
:101FA0008160B9E7816841F4A001F9E700280140A8
:101FB0000424014070B5044690F8240001280DD097
:101FC000012084F824002046FEF77AFB02004FF03F
:101FD000000005D084F82400104670BD022070BDBA
:101FE000A16A40F60163994341F48071A162224DD8
:101FF00023682249AB4218D10E6816F4702F14D012
:10200000A66A46F48016A6620E68760505D5A66A0D
:1020100026F4005646F48056A662A66AF6040AD54F
:10202000E66A26F00606E66206E0A66A26F4801650
:10203000A6625E68E9E7E06284F824006FF00200BF
:1020400018602068436843F0200343602068836879
:10205000C3F34243072B05D1A84208D1096811F404
:10206000702F04D0816841F480118160B4E78168E9
:1020700041F4A001F9E700000028014004240140D8
:1020800010B590F821100022022905D004218163A7
:1020900080F82020012010BD01680B6823F00E039A
:1020A0000B6001680B6823F001030B6090F840306F
:1020B000C46B012101FA03F3636080F8211080F8FA
:1020C0002020104610BD00002DE9F05F90F821108F
:1020D0000024022903D004218163012485E00168E2
:1020E0000A6822F00E020A6001680A6822F0010202
:1020F0000A603F4E3E4FB215DFF8F4C0DFF8F090B3
:10210000DFF8ECA0DFF8E8B0DFF8E4E00168783F42
:1021100013011502ACF1640CA9F15009AAF13C0AB3
:10212000ABF1280BAEF1140E4FF48018B14227D951
:10213000B9420ED0614512D049451DD0514518D045
:10214000594518D0714501D1424615E0294EB1429A
:1021500001D1012210E0274E1436B14201D11022E4
:102160000AE0244E2836B14206D0224A3C3291423F
:1021700001D11A4600E02A461E49091F0A602BE0D9
:10218000B94213D0614517D0494522D051451DD0E1
:1021900059451DD0714501D142461AE0B14202D1E4
:1021A0004FF0807215E0134EB14201D1012210E0D0
:1021B000104E1436B14201D110220AE00D4E2836DD
:1021C000B14206D00B4A3C32914201D11A4600E09E
:1021D0002A46074980394A60012180F821100021F0
:1021E00080F82010416B01B188472046BDE8F09F80
:1021F00080000240080402402DE9F84FDFF8C89142
:102200000024A9F1040B23460F2709F1040AABF1BE
:10221000040ED1E00125A54006EA0502AA4276D1C6
:10222000DFF8A8C14E68A6EB0C0866452BD00DDC84
:10223000032E34D005DC36B3012E19D0022E2FD157
:102240001BE0112E16D0122E2AD119E0B8F5881FE6
:1022500019D006DCB8F5803F15D0B8F5801F1FD126
:1022600011E0B8F5001F0ED0B8F5041F18D10AE030
:10227000CB6815E0CB681B1D12E0CB6808330FE07C
:10228000CB680C330CE08B682BB1012B4FF00803AB
:1022900003D0456104E0042302E0056100E000236F
:1022A000FF2A01D8064601E000F104064FEA840542
:1022B00001D9A5F12005D6F8008007FA05FC28EA27
:1022C0000C0803FA05F548EA0508C6F800804D68D1
:1022D000ED0070D53E4DAE6946F00106AE61AD69C8
:1022E00024F0030605F0010500953A4D06EB050CB8
:1022F000DCF80850A607360F07FA06F825EA0805A5
:10230000DFF8D480404503D14FF0000825E052E0CB
:10231000DFF8C880404502D14FF001081DE0DFF82A
:10232000C080404502D14FF0020816E0DFF8B480CB
:10233000404502D14FF003080FE0DFF8AC80404584
:1023400002D14FF0040808E0DFF8A080404502D138
:102350004FF0050801E04FF0060808FA06F848EAD1
:102360000508CCF808804D68D9F80060ED024D46AC
:1023700001D5164300E096432E604D68DAF8006000
:10238000AD02554601D5164300E096432E604D68D8
:10239000DBF80060AD035D4601D5164300E09643CF
:1023A0002E604D68DEF80060ED03754601D51643DA
:1023B00000E096432E60641C0A681646E2407FF4F3
:1023C00029AFBDE8F88F000008040140000011109B
:1023D000001002400000014000080140000C0140D4
:1023E000001001400014014000180140001C014091
:1023F0008068084000D001207047C26821EA0203CB
:102400000A4043EA0241016170470AB10161704725
:102410000904FBE701488068704700005C03002066
:102420000248816802781144816070475C03002093
:10243000074810B5016841F010010160032000F069
:1024400079F8032000F006F800F024F8002010BD11
:102450000020024070B50D4D04464FF47A71287883
:10246000B1FBF0F00A490968B1FBF0F000F0B2FBF3
:1024700048B9102C07D200222146501E00F03AF82D
:1024800000206C6070BD012070BD00005C03002066
:10249000300000200E4808B5816941F001018161DA
:1024A000816901F001010091C16941F08051C16170
:1024B000C06900F080500090052000F03BF805480E
:1024C000416821F0E06141F00071416008BD000009
:1024D0000010024000000140002809DB00F01F024C
:1024E000012191404009800000F1E020C0F8001176
:1024F00070470000F0B40E4B1B680C46C3F3022378
:10250000C3F10705042D00D90425191D072901D29F
:10251000002300E0DB1E012606FA05F1491E2140DA
:1025200099409E40761E16403143F0BC04F0BCBF7B
:102530000CED00E0064900F0070208684FF6FF03C3
:10254000184040EA0220034A104308607047000028
:102550000CED00E00000FA0510B501460020284C03
:1025600004292FD00BDC012930D0022929D100F019
:102570006BF96168C1F38131491C49001FE00829EA
:1025800020D010291DD161682268D20119D51D48BB
:10259000C1F38342C903805C0AD56168194AC1F35B
:1025A0004041921E515C184AB2FBF1F1484301E0F0
:1025B000164948436168490203D440000321B0FB37
:1025C000F1F010BDBDE8104000F04EB9226AC2F330
:1025D0000121012903D1920701D5C80310BD0229A9
:1025E00005D1626A920702D549F6404010BD032921
:1025F000FCD121688903F9D54FF2244010BD0000B9
:1026000000100240A8B6000800127A0000093D0040
:102610002DE9F84305460078354CC00754D0E069F1
:102620000026C00008D4E06940F08050E061E06915
:10263000012600F0805000902E480168C90512D490
:102640000168804641F480710160FFF7E3FE0746B0
:1026500005E000BFFFF7DEFEC01B642823D8D8F8D2
:102660000000C005F6D5206A10F4407021D0A9887A
:1026700001F4407181421CD0206A1F49012220F4DC
:1026800040700A6000220A602062C00711D0FFF784
:10269000C1FE074641F2883808E000BFFFF7BAFEE6
:1026A000C11B414502D90320BDE8F883206A800799
:1026B000F4D5206A696820F44070084320621EB196
:1026C000E06920F08050E0612878800705D56068D7
:1026D000A96820F44040084360602878C00605D50A
:1026E0006068696920F48000084360600020DBE7CF
:1026F0000010024000700040400442422DE9F047C3
:102700000F46050061D0434E306800F00700B84224
:1027100009D2306820F0070038433060306800F09C
:102720000700B84251D128683B4C810712D54007B9
:1027300003D5606840F4E06060602878000703D546
:10274000606840F4605060606068A96820F0F00044
:10275000084360602878C00728D06868012810D036
:102760002168022810D0890700292EDA616821F03B
:10277000030101436160FFF74DFE804641F2883955
:102780000DE021688903EFE78901EDE7FFF742FEDD
:10279000A0EB0801494502D90320BDE8F087606835
:1027A000696800F00C00B0EB810FEFD1306800F0E9
:1027B0000700B8420BD9306820F00700384330607A
:1027C000306800F00700B84201D00120E5E7287822
:1027D000400705D56068E96820F4E0600843606060
:1027E0002878000706D56068296920F4605040EA1F
:1027F000C100606000F038F86168084AC1F3031155
:10280000515CC8400649086006480068FFF722FE90
:102810000020C2E70020024000100240C6AA0008C3
:102820003000002060030020044805490068496822
:10283000044AC1F30221515CC840704730000020B7
:1028400000100240D6AA00080448054900684968FB
:10285000044AC1F3C221515CC840704730000020D7
:1028600000100240D6AA00080E4A51680E4801F036
:102870000C03042B11D0082B0FD10C48C1F3834358
:10288000C903C05C0AD55168084AC1F34041921E91
:10289000515C054A5043B0FBF1F07047044948438E
:1028A000704700000010024000127A0096B600083F
:1028B00000093D002DE9F84F040070D02078C04D8C
:1028C000C00749D06868C0F38100012807D0686854
:1028D000C0F38100022809D16868C00306D52868C2
:1028E000800339D560680028E7D035E06068B0F52E
:1028F000803F0BD010B1B0F5A02F11D0286820F484
:1029000080302860286820F4802002E0286840F4A5
:1029100080302860606890B1FFF77CFD06460AE0D1
:10292000286840F480202860F0E700BFFFF772FDC0
:10293000801B642873D828688003F7D50CE0FFF764
:1029400069FD064605E000BFFFF764FD801B6428B3
:10295000F0D828688003F7D420789A4E80074FF08B
:1029600001094FF0000839D5686810F00C0F07D046
:102970006868C0F38100022809D16868C00306D4E2
:102980002868800714D52069012808D110E0206943
:10299000B0B1C6F80090FFF73DFD074605E00AE13B
:1029A000FFF738FDC01B0228C4D828688007F7D578
:1029B0002868616920F0F80040EAC10028600DE055
:1029C000C6F80080FFF726FD074604E0FFF722FD6A
:1029D000C01B022823D828688007F7D42078000776
:1029E0002CD57948A169D9B1C0F80090FFF712FD44
:1029F000074604E0FFF70EFDC01B02280FD8686AE7
:102A00008007F7D571484FF4FA510068B0FBF1F038
:102A1000009000BF0098411E0091FAD20EE080E0C5
:102A2000C0F80080FFF7F6FC074604E0FFF7F2FC71
:102A3000C01B022875D8686A8007F7D42078400741
:102A400060D5E8690027C00008D4E86940F08050EC
:102A5000E861E869012700F0805000905C48016857
:102A6000C90513D40168834641F480710160FFF702
:102A7000D1FC824606E000BFFFF7CCFCA0EB0A00C9
:102A800064284ED8DBF80000C005F5D5E0680128C1
:102A90000AD008B1052813D0286A20F00100286266
:102AA000286A20F0040002E0286A40F00100286251
:102AB000E06841F2883B98B1FFF7ACFC82460BE03E
:102AC000286A40F004002862EEE700BFFFF7A2FC8E
:102AD000A0EB0A0159455AD8286A8007F6D50CE0C0
:102AE000FFF798FC824605E0FFF794FCA0EB0A0193
:102AF00059454CD8286A8007F6D41FB1E86920F000
:102B00008050E861E06988B36968C1F381010229F6
:102B100044D00228C6F8608004D0FFF77BFC04464E
:102B200038E034E0FFF776FC074604E0FFF772FC7C
:102B3000C01B02282BD828688001F7D4206AB0F582
:102B4000803F05D16868A16820F4003008436860C0
:102B5000D4E908010843696821F4741108436860E6
:102B6000C6F86090FFF756FC044606E025E000BF7B
:102B7000FFF750FC001B022809D828688001F7D510
:102B80001BE000BFFFF746FC001B022802D9032010
:102B9000BDE8F88F28688001F4D40EE00128F7D052
:102BA0006868226A00F48031914204D1616A00F4BD
:102BB0007010884201D00120EAE70020E8E7000019
:102BC00000100240000042428004424230000020D7
:102BD0000070004010B5401EB0F1807F01D301208D
:102BE00010BD4FF0E02460610F21601704F05CFC21
:102BF0000020A06107202061002010BD70477047B1
:102C000010B590F83C20012A22D0012280F83C2007
:102C1000CA688C6822F4407222434C6822F48062B5
:102C200022430C6822F4006222430C6922F4805291
:102C300022434C6922F400522243C969002322F442
:102C400080420A4301684A6480F83C30002010BD8D
:102C5000022010BD70B590F83C20012A2CD0012430
:102C600080F83C40022280F83D2003685A689D6845
:102C700022F070060A6832435A60104B02689A428A
:102C80000ED00F4B9A420BD0B2F1804F08D00D4BB3
:102C90009A4205D00C4B9A4202D00C4B9A4204D176
:102CA000496825F080031943916080F83D40002178
:102CB00080F83C10084670BD022070BD002C014019
:102CC000003401400004004000080040000C0040B7
:102CD00010B5040003D094F83D0010B107E00120C6
:102CE00010BD002084F83C00204600F01FF80220B0
:102CF00084F83D00211D206804F020F8012084F8AC
:102D0000460084F83E0084F83F0084F8400084F8D0
:102D1000410084F8420084F8430084F8440084F8B9
:102D2000450084F83D00002010BD000008B5006893
:102D30000B49884212D10B48C16941F00801C161B9
:102D4000C069022200F00800009011463220FFF70F
:102D5000D1FBBDE808403220FFF7BEBB08BD000034
:102D6000000C00400010024090F83D10012901D0F5
:102D700001207047022180F83D100168CA6842F0C6
:102D80000102CA6000680E4988420ED00D4988428F
:102D90000BD0B0F1804F08D00B49884205D00B49C9
:102DA000884202D00A49884204D1816801F00701B3
:102DB000062903D0016841F001010160002070473D
:102DC000002C014000340140000400400008004095
:102DD000000C004070B5044690F83C000025012826
:102DE00017D0012684F83C60022084F83D0020685A
:102DF000826822F0770222F47F42826008685028BD
:102E000038D00DDC20284FD005DC90B3102811D12C
:102E10004AE0022070BD302846D040280AD13BE06D
:102E200060282FD070280DD0B0F5805F03D0B0F5AA
:102E3000005F12D0012584F83D60002084F83C003A
:102E4000284670BDCB68D1E90121206803F0D1FF8D
:102E50002068816841F0770109E0CB68D1E9012160
:102E6000206803F0C6FF2068816841F480418160DA
:102E7000E1E719E0CA684968206804F08FF850213A
:102E8000206806E0CA684968206804F0CFF860212D
:102E9000206803F0B8FFCEE7CA684968206804F0EC
:102EA0007DF840212068F4E7226801461046F0E7EB
:102EB0002DE9F0410D46040003D094F83D0018B10F
:102EC00008E00120BDE8F081002084F83C002046A5
:102ED00000F040F8022084F83D002068816844F248
:102EE000070291438160211D206803F027FF2268BB
:102EF00090689169166A2B68AF69034340F203300A
:102F0000814341EA0721A868EF6908434FF6FC4175
:102F10008843E96840EA0720014328692F6A0001D5
:102F200040EA0730084369686D6926F0220646EAE0
:102F30000515294393602268906154F8460B01629D
:102F4000012004F81F09E0752076E0762077A0754F
:102F50000020B7E700B585B00021009101910291F2
:102F60000391224B02682248C0219A421BD1C269B8
:102F700042F00402C261C26902F004020492826952
:102F800042F0080282618069009100F0080004901C
:102F900069461848FFF730F9032201211E20FFF788
:102FA000A9FA1E201DE0144B9A421CD1826942F4FA
:102FB00000528261826902F400520492826942F0F6
:102FC000100282618069009100F01000049069464F
:102FD0000A48FFF711F9032201212C20FFF78AFA92
:102FE0002C20FFF779FA05B000BD00000008004072
:102FF00000100240000C014000340140001001406C
:1030000070B590F83E60044690F83F5090F842301A
:1030100090F84320022021B104290ED0012E1BD1AB
:1030200014E0012E18D1012B16D184F83E0084F84B
:10303000420001220021206820E0012D0CD1012A4C
:103040000AD184F83F0084F8430014E0012D03D135
:10305000012B01D1012A01D0012070BD84F83E006E
:1030600084F83F0084F8420084F8430001220021E4
:10307000206803F0B1FE01220421206803F0ACFEB9
:103080002068016841F001010160002070BD00006E
:103090002DE9F047494C0746002620694FF0010909
:1030A000B0F5C86F0ADD4648017839B980F800905C
:1030B000444806704448067044480670444DAF4288
:1030C0006CD1387F4FF4FA7A04283AD1DFF80481C2
:1030D0004FF0080198F801000028284613D000F0AE
:1030E00047FCD8F80420801AE0606269801A00D595
:1030F0004042504518DD2078401CC0B220700528A1
:1031000012D8E26011E000F033FCC8F8040029682E
:103110000A6A22F400720A6229680A6A42F400729A
:103120000A6288F801900CE02670E0686061286807
:10313000026A22F4007202622868026A026288F857
:103140000160387F082829D1224F4FF00C010C3F35
:10315000787800281E4812D000F00AFC7968401ADE
:103160002061A169401A00D54042504518DD6078C1
:10317000401CC0B26070052812D8216111E000F037
:10318000F7FB78602868016A21F400510162286821
:10319000016A41F40051016287F80190BDE8F087AF
:1031A00066702069A0612868016A21F400510162FB
:1031B0002868016A01627E70F0E70000EC000020E0
:1031C0001D0000200100002000000020020000205F
:1031D000C8030020FC0B00202DE9F041054690F8C3
:1031E0003C0000260C46012810D0012085F83C0048
:1031F00072B1042A1CD0082A2CD00C2A50D00126E7
:10320000002085F83C003046BDE8F0810220FBE755
:10321000D4E90012E368286803F0D2FE28688169C7
:1032200021F00C01816128688169A26811430FE0D7
:10323000D4E90012E368286803F00AFF286881696E
:1032400021F44061816128688169A26841EA022114
:103250008161D5E72868D4E9002C277B036A016ADD
:1032600021F480710162C16923F4007321F003012C
:1032700041EA0C0121F0F00C39074FF400774CEAD9
:10328000116107EA02221A43C16102622868C1691A
:1032900021F00C01C1612868C169A26811432BE0CB
:1032A0002868D4E90021E768036AD0F820C02CF42C
:1032B000805CC0F820C0D0F81CC023F400532CF46C
:1032C000407C4CEA012121F4704C4FF6FF7101EA79
:1032D00007314FF4005741EA0C0107EA02321A4362
:1032E000C16102622868C16921F44061C161286836
:1032F000C169A26841EA0221C16181E710B50400F9
:1033000003D094F83D0010B107E0012010BD00206B
:1033100084F83C00204600F01EF8022084F83D00AE
:10332000211D206803F00AFD012084F8460084F87E
:103330003E0084F83F0084F8400084F8410084F89F
:10334000420084F8430084F8440084F8450084F87F
:103350003D00002010BD704730B50446002551B136
:1033600004290DD0082910D094F8412094F8450084
:10337000012A11D10EE094F83E2094F84200F7E7BC
:1033800094F83F2094F84300F2E794F8402094F832
:103390004400EDE7012801D0012030BD022059B1E1
:1033A000042912D0082919D084F8410084F8450076
:1033B0000C293ED001253AE084F83E0084F8420012
:1033C0002068C26842F0020210E084F83F0084F8EE
:1033D00043002068C26842F0040207E084F840001D
:1033E00084F844002068C26842F00802C2600122EA
:1033F000206803F0F1FC1149206888420ED0104982
:1034000088420BD0B0F1804F08D00E49884205D0D9
:103410000D49884202D00D49884204D1816801F0EB
:103420000701062903D0016841F001010160284627
:1034300030BD2068C26842F01002D7E7002C01407E
:10344000003401400004004000080040000C00402F
:103450002DE9F04104460068C66805694FF0000791
:10346000A90713D5B10711D5F91E016101202077F5
:10347000206880698007204602D0FFF709FE04E03B
:1034800000F0C8F8204600F079F92777680716D5CC
:10349000700714D521686FF00400086102202077BE
:1034A0002068806910F4407F204602D0FFF7F0FDCD
:1034B00004E000F0AFF8204600F060F92777280715
:1034C00015D5300713D521686FF008000861042076
:1034D00020772068C0698007204602D0FFF7D8FD1A
:1034E00004E000F097F8204600F048F92777E80656
:1034F00016D5F00614D521686FF010000861082079
:1035000020772068C06910F4407F204602D0FFF782
:10351000BFFD04E000F07EF8204600F02FF9277789
:10352000E80708D0F00706D021686FF001000861B5
:10353000204600F07FF9280608D5300606D5216818
:103540006FF0800008612046FFF758FB680608D539
:10355000700606D521686FF040000861204600F033
:103560001CFAA8060AD5B00608D521686FF020001D
:1035700008612046BDE8F041FFF741BBBDE8F0819E
:1035800030B585B0002100910191029103911C4B4F
:1035900002681C49022503241B489A420DD18A69FE
:1035A00042F004028A618969039401F004010491E4
:1035B0008115CDE9001569461EE0144B9A421DD1D4
:1035C0008A6942F004028A618A6902F00402049264
:1035D0008A6942F008028A618969039401F008014E
:1035E0000491C021CDE900156946FEF705FECDE93D
:1035F0000045694606480394FEF7FEFD05B030BD60
:10360000002C01400010024000080140000400406E
:10361000000C0140704770B5044690F83C0000264D
:103620000D4601280FD0012084F83C006AB1042A1D
:103630001DD0082A2FD00C2A3FD00126002084F864
:103640003C00304670BD022070BD206803F0E4FBF2
:103650002068816941F0080181612068816921F059
:1036600004018161206881692A69114311E02068A1
:1036700003F002FC2068816941F4006181612068E7
:10368000816921F480618161206881692A6941EA48
:1036900002218161D2E7206803F024FC2068C1691F
:1036A00041F00801C1612068C16921F00401C161D4
:1036B0002068C1692A69114311E0206803F046FCC3
:1036C0002068C16941F40061C1612068C16921F4C9
:1036D0008061C1612068C1692A6941EA0221C16132
:1036E000ACE710B5040003D094F83D0010B107E03A
:1036F000012010BD002084F83C00204600F01EF898
:10370000022084F83D00211D206803F017FB0120F2
:1037100084F8460084F83E0084F83F0084F84000B6
:1037200084F8410084F8420084F8430084F844009F
:1037300084F8450084F83D00002010BD08B50C4A0F
:1037400001680C48914207D1816941F400618161AF
:10375000806900F4006009E0074A914207D1C1691D
:1037600041F00201C161C06900F00200009008BD93
:10377000002C01400010024000040040704700008F
:1037800010B50446022249B104290ED0082913D0ED
:1037900094F84100012816D0012010BD94F83E0095
:1037A0000128F9D184F83E200FE094F83F00012869
:1037B000F2D184F83F2008E094F840000128EBD1D2
:1037C00084F8402001E084F841200122206803F0C1
:1037D00003FB13492068134A884201D0904203D169
:1037E000436C43F400434364206888420DD0904208
:1037F0000BD0B0F1804F08D00B49884205D00B495F
:10380000884202D00A49884204D1816801F0070148
:10381000062903D0016841F001010160002010BDBC
:10382000002C01400034014000040040000800402A
:10383000000C00402DE9F041444988426AD1FEF76E
:1038400095F8FDF7EBFE42490878002558B141484C
:103850000278521CD2B202700A2A02D002780A2AD6
:1038600001D905700D703C4CA078401CC0B2A0700E
:10387000142802D139480570A570207860B301285A
:103880004FD0022850D0032851D0042852D0E078DD
:10389000401CC0B2E07004284FD000D9E570D4E9D4
:1038A0000701FDF74FFF03F0EFFB2D4E06F1100768
:1038B00078B3756040F2DC507D606062786806F035
:1038C0004BFE0446706880F0004006F045FE21463D
:1038D000BDE8F04102F0A6BC6078401CC0B2607048
:1038E0000A2807D10220FDF7A9FD04F0BBFD03F073
:1038F00005FD65701B48007801280CD01A48007837
:1039000001280BD0194800780128C8D102F006FC24
:10391000C5E716E018E0FDF705F8C0E702F046F845
:10392000BDE701F071F8BAE701F02CF9B7E701F053
:10393000EFF9B4E7FDF734FBB1E7E570FDF7BEF84A
:10394000ADE7FDF7C9FEB9E7BDE8F081E804002066
:1039500006000020050000207C0000202800002038
:103960001C0B002001000020000000201D00002092
:103970000246002041B1042909D008290AD00C29A7
:1039800001D11068006C70471068406B7047106878
:10399000806B70471068C06B704770477047704706
:1039A000F8B5016804460868CA684B6910F00F0F43
:1039B0004FF0000559D003F0010602F49077374329
:1039C00065D0C10705D0D10503D5616C41F0010177
:1039D0006164410705D5D90703D0616C41F002014C
:1039E0006164810705D5D90703D0616C41F00401FA
:1039F0006164010707D502F02001314303D0616CF7
:103A000041F008016164616C00293AD0800604D558
:103A1000900602D5204603F092FB20684069616C55
:103A2000C0F38010090700D460B3204603F060FBA8
:103A300020684069400621D52068143050E8001FF6
:103A400021F0400140E80012002AF5D1E06BA8B156
:103A50006D494163E06BFEF737FB002811D0E06B46
:103A6000416B01B0BDE8F040084783060FD59306CF
:103A70000DD52046BDE8F84003F061BB2046FFF7B6
:103A80008EFFF8BD2046FFF78AFF6564F8BD266B00
:103A90002023012E7CD1C6067AD5D60678D50868B3
:103AA0004868009048694FF00206400640D5E16B37
:103AB000086840680004000CE8D0A28D8242E5D975
:103AC000E085886920282DD020680C3050E8001F40
:103AD00021F4807140E80012002AF5D120681430EA
:103AE00050E8001F21F0010140E80012002AF5D142
:103AF0002068143050E8001F21F0400140E8001217
:103B0000002AF5D184F84230256320680C3050E853
:103B1000001F21F0100140E80012002AF5D1E06BEF
:103B2000FEF7AEFA6663A08DE18D401A81B22AE0FD
:103B3000A08DE18D401A81B2E08D0028A6D0002929
:103B4000A4D022680C3252E8000F20F4907042E8B2
:103B50000007002FF5D12068143050E8002F22F024
:103B6000010240E80027002FF5D184F84230256398
:103B700020680C3050E8002F22F0100240E80023AB
:103B8000002BF5D166632046FFF708FFF8BDFFE77D
:103B900005062BD5150629D594F841002128F5D125
:103BA000A068B0F5805F01D12069B0B1206A411CE6
:103BB0002162216800784860E08C401E0004000CFF
:103BC000E084E3D12068C16821F08001C1602068F1
:103BD000C16841F04001C160D8E7206A0088C0F3A5
:103BE00008004860206A801C2062E5E74006CDD5C9
:103BF0005006CBD5CA68204622F04002CA6084F83D
:103C0000413000F079FBC1E7E170000870B50400B5
:103C100004D094F84100002510B106E0012070BDE9
:103C200084F84050204600F023F8242084F8410016
:103C30002068C16821F40051C160204603F0E0FA19
:103C40002068016921F4904101612068416921F0F7
:103C50002A0141612068C16841F40051C160656476
:103C6000202084F8410084F842006563002070BD84
:103C7000F0B585B000240094019402940394076881
:103C80005C495D48DFF868C10D1502220323C614A4
:103C9000674524D1CF6947F40027CF61CF6907F486
:103CA000002704978F6947F010078F61896901F039
:103CB0001001CDE90331CDE9005269460546FEF712
:103CC0009BFACDE90064694628460294FEF794FA0F
:103CD000002211463420FEF70DFC342031E0DFF8DD
:103CE0001CC1674531D1CD6945F48015CD61CD69E1
:103CF00005F4801504958D6945F010058D618D6979
:103D000005F0100504958D6945F020058D618969E0
:103D1000039301F0200104914FF48051CDE900128A
:103D20006946FEF769FA0420CDE900046946344883
:103D30000294FEF761FA012211463520FEF7DAFB04
:103D40003520FEF7C9FB05B0F0BD2E48874226D1CD
:103D5000886940F480408861886900F4804004905C
:103D6000886940F0040088618869274E00F00400EB
:103D700004907815CDE90002694603933046FEF7BA
:103D80003BFACDE90054694630460294FEF734FA16
:103D9000012211462520FEF7ADFB2520D1E71B4867
:103DA0008742D0D1C86940F48020C861C86900F456
:103DB00080200490886940F0080088618869CDE916
:103DC000005200F00800CDE90330114D6946284645
:103DD000FEF712FACDE90064694628460294FEF720
:103DE0000BFA012211462720FEF784FB2720A8E7C3
:103DF000004C004000100240001001400050004004
:103E00000014014000380140000801400048004013
:103E1000000C014090F84230202B01D00220704766
:103E200021B11AB10023036303F046BA01207047A1
:103E30002DE9F84FDFF8F0830126FC4AFC4BDFF850
:103E4000F4C3DFF8F4B3FD4FFD490025DFF8F49328
:103E5000DFF8F4A3FD4C40453FD104F108000078A1
:103E600016700D701D708CF8005021784E467B281E
:103E700009F8010000D029B1491CC8B220700B28F4
:103E800002D021E025701FE02570B07A7D281BD17B
:103E900000210920FCF7D4FE717A884214D13179CF
:103EA000F07803F0DDFACAF800005446317AF07970
:103EB00003F0D6FA01469BF80000012809D0317AB8
:103EC000F07903F0CDFA3860E04901220831D64894
:103ED000F4E1206803F086FAF5E7DFF874834FF029
:103EE000020E40457DD1D948D34F0930DFF86493A5
:103EF0000078606191F800803F78DFF85CA3B8F14A
:103F0000000F0ED0D149DFF83CB30931A0F14102D6
:103F100091F80080ABF1640B072A1CD8403860731D
:103F20006AE0412801D02561C7E02069401C20617A
:103F300005280DD125610E701D7015708CF800508C
:103F4000C649C9F80010012F03D0C549CAF80010AE
:103F5000B3E0C449FAE75A2804D00A2804DC84F8FC
:103F60000D8049E0657347E0BA4ABB4BBE49126811
:103F70001B680093592806D058281FD07B2841D0B1
:103F80007D2846D038E0104606F08AFCB749C9F8CB
:103F90000000884201DAC9F80010012F2CD05746E2
:103FA000009806F077F9B24AB24B06F089F805F0AE
:103FB00049FBB149386088421DDB1DE0104606F020
:103FC00095F9AE49C9F80000884201DDC9F8001032
:103FD000012F11D05746009806F05CF9A44AA54B72
:103FE00000E06FE005F060FB05F02CFB4FF07E5128
:103FF0003860884200DD39606078012803D00228EB
:1040000009D05AE06670A0780BF80080401CA070C0
:1040100053E084F801E09BF803105846502906D07D
:104020004178232940D0A178E170DA4627E0267351
:104030003AE0A178081A05F0B6FD02460B460020CA
:104040008F4904F097FDE77806460AEB070088469B
:1040500010F8010C303805F0A6FD4346324605F055
:1040600009FE06468846A06906F014F93246434622
:1040700005F01AFB05F0E6FA7F1EA061E770E07814
:104080000428D6D29AF80100303802280CD2DFE892
:1040900000F00105A169C9F8001005E07949A0699F
:1040A00006F098F9784908606570A5706548E57074
:1040B00032216438A561FCF7B2F964490122093163
:1040C0006348FBE0DFF8C48140453FD15F480A30D8
:1040D000007816700D701D708CF8005021794E46D6
:1040E0007B2809F8010000D029B1491CC8B2207111
:1040F0000B2802D021E025711FE02571B07A7D28C0
:104100001BD100210920FCF79BFD717A884214D154
:104110003179F07803F0A4F9CAF800005446317AF6
:10412000F07903F09DF901469BF80000012809D0C1
:10413000317AF07903F094F93860444901220A3168
:104140005248BBE0206803F04DF9F5E7504988423A
:1041500069D13E4862790B304E4900784E4B0327B7
:10416000052A51D92A2A25D2B2FBF7F507FB1525D6
:1041700095B1B2FBF7F507FB1525012DE57911D0B7
:1041800005EB450631446D1C0872E571521C6271E5
:10419000A1794140585C8DE0E57905EB450529445E
:1041A000C880F3E705EB45052944CD8805EB0025DC
:1041B000CD80EBE72A3A052A7DD2DFE802F003063C
:1041C0000C0F150048852B218DE04A8D02EB002253
:1041D0004A852C2187E088852D2184E08A8D02EB99
:1041E00000228A852E217EE081F82E00A179884266
:1041F00002D103F0FBFF03E02F212648FCF7EDF886
:10420000A5716571E57156E0062A54D2DFE802F027
:1042100003495A5D6366542840D108706671A079DD
:1042200080F0540045E060E0080600200200002015
:10423000000000201D000020070000209C0000203E
:1042400001000020A00B002098000020D0000020DA
:1042500050060020B4000020B80000200000AF434A
:10426000000092427CD9203F0000C8410000524328
:104270009A9999999999B93F7CD9203E0000484470
:104280000000244000007A44C80000207805002087
:10429000C00500208820002042B500086571A57186
:1042A00009E02C28FAD1487084F805E0A07980F064
:1042B0002C00185CA0710E490E480122BDE8F84F91
:1042C000FFF7A8BD4880677162E74A8802EB0022C9
:1042D0004A80042107E08880052104E08A8802EBF7
:1042E00000228A800621617152E7BDE8F88F000044
:1042F000DB000020C00500207047FEE770B50D46CA
:10430000044600F0DFF8204600F0ACF800F022F997
:10431000284600F0A7F800F01DF900F0D3F8641C5F
:10432000E0B200F09FF800F015F9002000F064F80A
:10433000044600F0EFF8204670BD000070B50D4C4B
:104340000025C4F8B8510C48016821F070410160A3
:10435000016841F040510160C4F8BC51012004F5EE
:10436000DC7402F077FC0120206002F073FC256011
:1043700070BD000000802142040C014000B585B0F2
:10438000002002900A48816941F00801816180693A
:10439000694600F0080004904FF44040009001206E
:1043A0000190032003900348FDF726FF05B000BDF0
:1043B00000100240000C014070B50D4C0025C4F8FF
:1043C000B8510C48016821F070410160016841F06A
:1043D000405101600126C4F8BC61304604F5DC742C
:1043E00002F038FC2660012002F034FC256070BD2C
:1043F00000802142040C01402DE9F0478146174816
:104400000024016821F070410160016841F0004121
:104410000160134E254627464FF00108C6F8B871D3
:10442000022002F017FCC6F8B8816006040ED6F828
:104430003C0108B1641CE4B2022002F00BFC6D1CCC
:10444000EDB2082DEAD3B9F1000F02D0FFF776FFE5
:1044500001E0FFF7B1FF2046BDE8F087040C014002
:10446000008021422DE9F04106461448016821F000
:1044700070410160016841F040510160104C00271B
:10448000C4F8B8713D464FF00108F009C4F8BC010A
:104490007006060E012002F0DDFBC4F8B881012091
:1044A00002F0D8FBC4F8B871012002F0D3FB6D1CF8
:1044B000EDB2082DE9D3BDE8F0810000040C014005
:1044C0000080214270B51148016821F070410160FF
:1044D000016841F0405101600D4C0120C4F8BC015D
:1044E000D4F83C1149B1C4F8B80102F0B3FB00257F
:1044F000C4F8BC51D4F83C0108B1002070BD0120C3
:1045000002F0A8FBC4F8B851012070BD040C0140B2
:10451000008021420D4810B5016821F07041016012
:10452000016841F040510160094C0020C4F8B80115
:10453000C4F8BC01012004F5DC7402F08BFB0120FF
:1045400020606060BDE8104002F084BB040C0140B4
:104550000080214270B513480024016821F07041A9
:104560000160016841F0004101600F4D0126C5F86E
:10457000BC61304602F06EFBC5F8B86107E0641C10
:10458000E4B2322C03D9FFF7C5FF002070BD012033
:1045900002F060FBD5F83C010028F0D1C5F8B80165
:1045A000012070BD040C01400080214210B514466A
:1045B000FFF7A4FE2070012010BDF8B515461C467B
:1045C0000E4607466A46FFF7F1FF01209DF80010EE
:1045D000A8400CB1084301E021EA0000C2B28DF806
:1045E00000203146384600F02BF8F8BD2DE9F8439D
:1045F00014461D460F4680466A46089EFFF7D6FFC2
:1046000000281BD0611CFF20C4F1080200FA01F150
:104610002A44521ED0400143C5F108008640F2B240
:10462000C4F10700C2409DF80000084010438DF817
:104630000000C2B23946404600F002F8BDE8F883F7
:1046400007B502AB012200F001F80EBD2DE9F041E3
:104650001E461546884607460024FFF733FF3846B6
:10466000FFF700FFFFF776FF4046FFF7FBFEFFF77F
:1046700071FF06E0305DFFF7F5FEFFF76BFF641C8E
:10468000E4B2AC42F6D3FFF745FF0120BDE8F0816C
:104690002DE9F04106F0F9F80D4F0546014678681E
:1046A00005F0F6FF07F1800406462846E16E06F0A5
:1046B000F7F8396805F0ECFF314605F017FEA16EFA
:1046C00005F014FEC4E91A05BDE8F04105F044BF49
:1046D000240100202DE9F04106F0D7F80D4F0546E2
:1046E0000146786805F0D4FF07F1800406462846A5
:1046F000A16F06F0D5F8396805F0CAFF314605F01C
:10470000F5FD616F05F0F2FDC4E91D05BDE8F0415E
:1047100005F022BF240100202DE9F34F524D8DB04A
:104720000846E9684F4E089106F0BAF829680091EA
:1047300005F0AEFFA96805F0D9FD05F16404069007
:1047400067683046394606F0ABF8D4F80890494619
:1047500006F0A6F845490860E268904682F00046F7
:10476000434A4E60C1E90262009905F091FF216859
:1047700005F0BCFD83463046009905F089FF0646EA
:10478000394605F0B3FD82463046494605F0AEFD98
:1047900081463748009905F07BFF414605F0A6FDAC
:1047A000804606990D9806F07BF8039059464FF025
:1047B0007E5005F06DFF064649464FF07E5005F0ED
:1047C00067FF049031464FF07E5005F061FF4FF0D7
:1047D0007C5105F08BFD07460146304605F0FAFD99
:1047E00001903946049805F0F5FD009051464FF0D0
:1047F0007E5005F04DFF07463146019805F048FF11
:10480000594606F042F820603946019805F040FF0D
:10481000514606F03AF860603146009805F038FFDE
:10482000494606F032F8A0603946009805F030FF9E
:10483000414606F02AF8E0600399019805F028FF48
:10484000069905F053FDA86004460399009805F009
:104850001FFF089905F04AFDE8600FB02046BDE84B
:10486000F08F00006F12833AD8020020C820002089
:10487000A69B443B2DE9F34F524D8DB00846E96BA2
:104880004F4E089106F00CF82968009105F000FFE2
:10489000A96B05F02BFD05F174040690676830469E
:1048A000394605F0FDFFD4F80890494605F0F8FFB9
:1048B00045490860E268904682F00046434A4E60EF
:1048C000C1E90262009905F0E3FE216805F00EFDE2
:1048D00083463046009905F0DBFE0646394605F072
:1048E00005FD82463046494605F000FD81463748C1
:1048F000009905F0CDFE414605F0F8FC804606998A
:104900000D9805F0CDFF039059464FF07E5005F00D
:10491000BFFE064649464FF07E5005F0B9FE0490B2
:1049200031464FF07E5005F0B3FE4FF07C5105F05C
:10493000DDFC07460146304605F04CFD0190394646
:10494000049805F047FD009051464FF07E5005F069
:104950009FFE07463146019805F09AFE594605F03C
:1049600094FF20603946019805F092FE514605F00B
:104970008CFF60603146009805F08AFE494605F0DC
:1049800084FFA0603946009805F082FE414605F09C
:104990007CFFE0600399019805F07AFE069905F026
:1049A000A5FCA86304460399009805F071FE0899D8
:1049B00005F09CFCE8630FB02046BDE8F08F0000D6
:1049C0006F12833AD8020020D8200020A69B443BD7
:1049D00010B50B4B60B10B4C2168491C2160814222
:1049E00005DB04211846FDF708FD0020206010BDFE
:1049F0000122BDE8104004211846FDF706BD000065
:104A0000001001403C0000202DE9F84F4D480024E3
:104A1000A2460578264627464FF4AF78012D02D0EE
:104A2000032D03D005E04FF4C87001E04FF4FA7095
:104A300080464648DFF810B1D0F800902BE000BF68
:104A400004EB44010BEB4101414AD1F80200414B18
:104A500002449A421ED309880091D9B1414519DA1E
:104A60000AF1010101F0FF0A39494942884202DA9C
:104A70000146304606E03849884206DD374905F0F0
:104A80000FFF314605F032FC06460098C82801D2D7
:104A90007F1CFFB2641C4C45D2DBDFF8C4B0314C44
:104AA0004FF00008BAF1080F11D2E06905F0F2FBEF
:104AB0002D4A5B4604F0F8FD04F0C4FD2B49E0618B
:104AC000884200DBE1614046C4F8208035E0284898
:104AD000DFF8A0904FF4000A012D03D0082F17D95A
:104AE000E061F0E7082FFBD8E06905F0D3FB1E4A30
:104AF0005B4605F0E5FA04F0A5FDE061484501DA02
:104B0000C4F81C90564501DB1B4815E01B4813E018
:104B1000E06905F0BFFB144A5B4605F0D1FA04F0EA
:104B200091FDE061484501DAC4F81C90564501DB6F
:104B3000134801E04FF07E50206280F00040206278
:104B4000BDE8F88F07000020281700200C00002087
:104B50000000B8BD0100530100009B430000B443B6
:104B60009999B93F7C0000209A9999999A99993E10
:104B70009A9999BE9A99193E7CD920BF7CD9203F39
:104B8000000080BF2DE9F0474B4C4D4B4FF0000823
:104B90004FF6FF754246494940F24B47A06A1E68EE
:104BA00012E000BF02EB420301EB4309B9F8003009
:104BB000A3F1650CBC4506D208F10108AB4202D254
:104BC000D9F802001D46521CB242EBDB3D49A062FF
:104BD000884203DD3C4905F063FEA0620746E16AB6
:104BE00005F05EFE39490026884202DC38498842D9
:104BF00005D9A079401CC0B2A0713C2801D1A67192
:104C0000E762B8F1060F0ADA2089282804D2401C8E
:104C100080B2208128283AD3E661266237E02D4809
:104C20002681DFF8B480007801280FD02B48874216
:104C300002DC2B4887421ED9B5F5C87F1BD929490C
:104C4000E06A05F025FDC4E9076020E02648391830
:104C50002648814203D32649394481420BD2B5F517
:104C6000FA7F08D22348E0610021E06AFCF72CFBC0
:104C700080F000400AE0284605F0C2FC4146FCF7FF
:104C800011F9E0610021E06AFCF71EFB2062E06997
:104C900010F0FF4F0DD0184A1849206A04F0AEFCFE
:104CA0002062174A1749E06904F0A8FCE061BDE8FA
:104CB000F087154A1549F0E77C00002028170020EE
:104CC0000C000020000034430000B44300002041E9
:104CD000000020C1070000200000C8430000484237
:104CE000000048C2211FF4BCFFFF8FBEFFFFC301BD
:104CF000FFFF8F3ECDCC4CBE920A063F920A06BF04
:104D00009A99193F9A9919BFDB0FC93FDB0FC9BFA9
:104D10002DE9F047204C244D0021D4E90C021F4B13
:104D20001F4FDFF880C02E6813E000BF01EB410584
:104D300003EB4505D5F80280B844E04508D20AB92E
:104D4000288801222D8800F16408454500D2A94633
:104D5000491CB142EADB4FF07A51E161C4E90C022F
:104D600005F04EFC0546484605F04AFC2946FBF78F
:104D70005BFD0E4980F0004020620978012908D0CF
:104D8000002904D10A4A0B4904F038FC2062BDE82E
:104D9000F087094A0949F7E77C000020281700201E
:104DA000FFFF69BDFFFF03000C000020070000208B
:104DB0007CD9203F7CD920BFDB0F493FDB0F49BFA7
:104DC00010B5FFF7DBFABDE81040AFF3008010B577
:104DD000022000F011F8012000F020F8002000F07F
:104DE00014F8002000F02FF8002000F026F8BDE8AD
:104DF0001040002000F01BB808B5032300900222E9
:104E00006B21D020FFF7F2FB08BD08B5022300900C
:104E100004221C21D020FFF7E9FB08BD08B50223BE
:104E2000009004221B21D020FFF7E0FB08BD0346C1
:104E300001223721D020FFF7C0BB034605226A219B
:104E4000D020FFF7BABB034606226B21D020FFF724
:104E5000B4BB00003EB500241248009401940294B3
:104E60000F498460016004730475012505614FF4E6
:104E700060214460C161FCF7CBFE08B1FCF7A0F9EA
:104E80000A20CDE90005694602940648FCF73CFE7D
:104E900008B1FCF795F90348FCF7CAFD3EBD0000D8
:104EA00000240140680300203EB50024134800940C
:104EB0000194029410498460016004730475012513
:104EC00005614FF460214460C161FCF7A1FE08B1A7
:104ED000FCF776F90B20CDE90005694602940748F6
:104EE000FCF712FE08B1FCF76BF90448FCF7A0FDD3
:104EF0000248FDF75FF83EBD0028014098030020FE
:104F00002DE9F04786B000243F48009401940294B4
:104F10000394816941F010018161816901F0100100
:104F20000491816941F020018161816901F02001D2
:104F30000491816941F004018161816901F00401FA
:104F40000491816941F0080181618069DFF8BC80CA
:104F500000F008000490012244F210314046FDF7B1
:104F600054FA00220C214046FDF74FFADFF8A0A0CA
:104F700000224FF440415046FDF747FADFF8949085
:104F80004FF40047002239464846FDF73EFA012219
:104F900038215046FDF739FAB810CDE900046946CA
:104FA00040460294FDF728F944F21C300125022600
:104FB000CDE90005CDE9024669464046FDF71CF9FA
:104FC000CDE90054694648460294FDF715F94CF2C4
:104FD0003800CDE90005CDE9024669465046FDF7A7
:104FE0000BF900970396CDE9015469464846FDF751
:104FF00003F928028DE8310069465046FDF7FCF8B8
:1050000006B0BDE8F087000000100240001001402B
:10501000000C01400008014010B592B000240F942C
:105020001C2108A81094FBF7FAF920216846FBF729
:10503000F6F92348214901604721C0E9011442F2F1
:105040000F71C0E903148021C0E90541FEF749FB57
:1050500008B1FCF7B5F80F940FA919481094FDF7A3
:10506000F9FD08B1FCF7ACF86020CDE908040A941A
:105070000B940C940D94002208A911480E94FEF78D
:10508000CAFA08B1FCF79CF800944FF40050CDE93F
:105090000440029401940394694609480794FDF77B
:1050A000AFFD08B1FCF78CF800210548FEF768FB5E
:1050B0000348FEF765FA12B010BD0000002C014055
:1050C0001004002010B58AB000242A4A04940594E4
:1050D000069407940894099400940194029403940C
:1050E000C2E902408020146190614FF08043C2E920
:1050F00000311046FDF7ECFD08B1FCF761F84FF404
:105100008050049004A91B48FDF764FE08B1FCF729
:1051100057F81848FEF7F2F808B1FCF751F8089470
:1051200008A914480994FDF795FD08B1FCF748F863
:105130000120CDE900400294082269460D480394FD
:10514000FEF74AF808B1FCF73BF80C22694609481B
:10515000FEF742F808B1FCF733F808210548FEF7DE
:10516000FBF80C210348FEF7F7F80248FDF7FCFDB9
:105170000AB010BDC803002010B58AB000240794FF
:105180001C2168460894FBF74AF92A482849C0E9D7
:10519000001441F61F41C0E9024180210461816190
:1051A000FEF79FFA08B1FCF70BF8079407A921480E
:1051B0000894FDF74FFD08B1FCF702F86020CDE937
:1051C00000040294002269461A480494FEF723FA68
:1051D00008B1FBF7F5FF042269461648FEF71BFAF3
:1051E00008B1FBF7EDFF082269461248FEF713FAF3
:1051F00008B1FBF7E5FF0C2269460E48FEF70BFAF3
:1052000008B1FBF7DDFF00210A48FEF7B9FA0421D7
:105210000848FEF7B5FA08210648FEF7B1FA0C2156
:105220000448FEF7ADFA0348FEF7AAF90AB010BD2C
:10523000000400405804002010B58CB024216846BA
:10524000FBF7EDF800241A48099418490A94C0E9BC
:1052500000144FF6FF71C0E90241802104618161B1
:105260000320CDE900040120CDE902040A210491C4
:10527000CDE90540CDE9074169460D48FDF718FE27
:1052800008B1FBF79DFF099409A909480A94FDF7A5
:10529000E1FC08B1FBF794FF00210548FDF7B0FEE3
:1052A00004210348FDF7ACFE0CB010BD000800401F
:1052B000A004002010B586B0002418480094019482
:1052C0000294039404941449059401603121C0E9C7
:1052D000011441F61F41C0E9031480218161FDF7EB
:1052E000F7FC08B1FBF76CFF4FF480500090694663
:1052F0000A48FDF76FFD08B1FBF762FF049404A9AB
:1053000006480594FDF7A6FC08B1FBF759FF0348D2
:10531000FDF72AFD06B010BD000C0040E804002097
:1053200010B58CB024216846FBF779F800241B489F
:10533000099419490A94C0E900144FF6FF71C0E9B5
:10534000024180210461C0E905410320CDE9000448
:105350000120CDE902040A210491CDE90540CDE9FF
:10536000074169460D48FDF7A3FD08B1FBF728FF8B
:10537000099409A909480A94FDF76CFC08B1FBF7E8
:105380001FFF00210548FDF73BFE04210348FDF700
:1053900037FE0CB010BD0000003401403005002085
:1053A0000E4810B50C4901604FF4E1314160002115
:1053B00081600C22C160C0E904128161C161FEF705
:1053C00025FC08B1FBF7FCFEBDE8104001220449B2
:1053D0000248FEF71FBD0000004C00407805002089
:1053E000DA0000200E4810B50C4901604FF4E1319D
:1053F0004160002181600C22C160C0E9041281611A
:10540000C161FEF703FC08B1FBF7DAFEBDE810400E
:10541000012204490248FEF7FDBC00000050004094
:10542000C0050020DB0000200E4810B50C490160CB
:105430004FF4E1314160002181600C22C160C0E97C
:1054400004128161C161FEF7E1FB08B1FBF7B8FE10
:10545000BDE81040012204490248FEF7DBBC000011
:105460000038014008060020D80000200E4810B582
:105470000C4901604FF416514160002181600C22FB
:10548000C160C0E904128161C161FEF7BFFB08B1D0
:10549000FBF796FEBDE81040012204490248FEF7E2
:1054A000B9BC00000048004050060020D900002090
:1054B00070B502460020104D012100BF55F8213083
:1054C00005EB8104491CC9B244F8043C0A29F5D310
:1054D00000246A6255F8241004F008FF641CE4B24A
:1054E0000A2CF7D3054904F075FF05F035F8BDE83F
:1054F000704005F06DB80000CC0A0020000020418B
:1055000070B502460020104D012100BF55F8213032
:1055100005EB8104491CC9B244F8043C0A29F5D3BF
:1055200000246A6255F8241004F0E0FE641CE4B222
:105530000A2CF7D3054904F04DFF05F00DF8BDE83E
:10554000704005F045B80000F40A0020000020413A
:10555000FEE7FEE710B40021084B0A465FF00000AA
:1055600003EBC004401CC0B262548028F8D3491C2D
:10557000C9B20829F2D310BC00F0B0B898060020D8
:1055800010B57F2816D83F2914D80723A3EBD103E1
:1055900001F00701C1F107040121A140064CDBB273
:1055A00004EBC000002AC25CC9B201D00A4300E08B
:1055B0008A43C25410BD0000980600202DE9F04136
:1055C00016460D4607460024FFF7DAFF3246294605
:1055D0003846FFF7D5FF2819C1B232463846FFF7E3
:1055E000CFFF641CE4B2082CF5D3BDE8F0810000C5
:1055F00010B5394C0020C4F89001642004F5C8743B
:1056000001F00CFB012020600021AE2000F04AF9DF
:105610000021D52000F046F90021502000F042F989
:105620000021A82000F03EF900213F2000F03AF9C7
:105630000021D32000F036F90021084600F032F9AD
:105640000021402000F02EF900218D2000F02AF9E1
:105650000021142000F026F90021202000F022F97A
:105660000021022000F01EF90021A12000F01AF90B
:105670000021C02000F016F90021DA2000F012F914
:105680000021122000F00EF90021812000F00AF91B
:105690000021EF2000F006F90021D92000F002F9E6
:1056A0000021F12000F0FEF80021DB2000F0FAF8E4
:1056B0000021302000F0F6F80021A42000F0F2F8DC
:1056C0000021A62000F0EEF80021AF2000F0EAF85B
:1056D000BDE81040FFF73EBF0080214270B5114E7B
:1056E000002400BF04F1B000C0B2002100F0DAF8DD
:1056F0000021084600F0D6F80021102000F0D2F872
:105700005FF0000506EBC5000121005D00F0CAF85E
:105710006D1CEDB2802DF5D3641CE4B2082CE1D3EE
:1057200070BD0000980600202DE9FF4F203A1F466B
:105730000C46894602F0FF0A0025DDF834B032E05D
:105740000C2F09D01A4901EB0A104FF00008465DF2
:10575000300607D55A4609E016490AEB4A0001EB24
:105760008000F2E7BBF1000F12D000222146009822
:10577000FFF706FF7006641C060EE4B2A4EB0900F6
:10578000B84207D100984C46401CC0B2009008E0D7
:105790000122EBE708F1010000F0FF08B8F1080F63
:1057A000D6D36D1CEDB2BD42CAD3BDE8FF8F000059
:1057B00052AF0008DEAA00082DE9FF4F81B0002695
:1057C000DDF838A01D469346814634464FF0010867
:1057D0004FEA5A0727E0281B401EC1B20A2003F0F7
:1057E000C1F9BBFBF0F00A21B0FBF1F201FB1200A2
:1057F00026B9691E8C4201DA48B101263030C2B2A6
:1058000007FB0490C0B25346CDF8008006E007FBCA
:105810000490C0B253462022CDF800800299FFF7D1
:1058200083FF641CE4B2AC42D5D305B0BDE8F08F71
:10583000F8B516460D460446012714E07A2C02D925
:1058400000241035EDB23A2D03D900242546FFF788
:1058500081FE009732780C2329462046FFF764FF2B
:105860000834E4B2761C30780028E7D1F8BD000097
:1058700070B50A4D0A4E002435F81400317888427C
:1058800001D2012200E0002200212046FFF796FE0F
:10589000641CE4B2802CEFD370BD0000080C002023
:1058A0000E01002070B500250E4A012311B1C2F887
:1058B0008C3101E0C2F88C510B4C0021C4F8B85176
:1058C000060602D5C2F8943101E0C2F89451C4F83A
:1058D000B8314006491C000EC9B20829EED3C2F8FF
:1058E0008C3170BD0080214200002242002004491A
:1058F00002460A54401CC0B20928FAD3704700007F
:10590000C20A00202DE9F84F80460120ADF80000C2
:10591000234F00217970ADF800004FF40079214C3D
:105920000502DFF884A04FF6FF7630E0BDF80000F6
:1059300010EA080F01D0012200E00022494620466B
:10594000FCF763FD012229462046FCF75EFD052099
:1059500001F080F9002229462046FCF756FD05207B
:1059600001F078F9012229462046FCF74EFD294630
:105970005046FCF73DFD20B17878BDF80010084393
:105980007870BDF8000006EA4000ADF80000BDF8F0
:105990000000FF28CAD9BDE8F84F102001F05AB91D
:1059A000C20A002000100140000C01402DE9F05F08
:1059B0005149504809680068C1F18005C0F1800074
:1059C0006FF01301884202DD142800DA00208D42B6
:1059D00002DD142D00DA002504F0FAFD474C0646DE
:1059E0006FF0060AA06B5146834605F02EF831464B
:1059F00004F04EFE0746E06141484FF03C4806780F
:105A00002046012ED0F83C9002D017F1FF4F08D26B
:105A1000284604F0DDFD05464146484604F038FEC0
:105A200007E0284604F0D4FD05465146484605F0F7
:105A30000CF8294604F02CFE324A2062002013683C
:105A40003149324DDFF8C8800B2B0DD00C2B2ED0F6
:105A500060713049384604F0BDFCE061206A80F096
:105A600000402062BDE8F09F23795B1CDBB223710C
:105A7000142BEED110602071584604F037FC01461B
:105A8000A0632548814200DDA063012EE1D0484695
:105A900004F000FC2A46434603F006FE03F0D2FD64
:105AA0004FF07E51E0638842D3DDE163D1E7637953
:105AB0005B1CDBB26371142BCBD110606071584654
:105AC00004F0EEFE0146A0631448814200DAA063B0
:105AD000012EBED0484604F0DDFB2A46434604F0C2
:105AE000EFFA03F0AFFD0146E0630D488142B0DA02
:105AF000E063AEE74C000020500000207C00002056
:105B000007000020580000200000C8419A99999988
:105B10009999B93F00007A4400004844000052437C
:105B20007CD9203E70B5FFF7E1FE00F0C9F80B48C4
:105B30000B4BB0F803100A481C33418000200124AD
:105B400013F8105000F101006D1E04FA05F20A422C
:105B5000C0B202D01028F3D3002070BDC20A0020CA
:105B60004000002010B5174C002210212046FCF701
:105B70004CFC102001F06EF80120FFF7C3FE43201B
:105B8000FFF7C0FE0020FFF7BDFE0120FFF7BAFEC1
:105B90000020FFF7B7FE0020FFF7B4FE0020FFF75C
:105BA000B1FE0020FFF7AEFE0020FFF7ABFE0122A2
:105BB00010212046FCF729FCBDE81040102001F020
:105BC00049B800000010014010B5174C0022102108
:105BD0002046FCF71AFC102001F03CF80120FFF7EA
:105BE00091FE4320FFF78EFE0020FFF78BFE002082
:105BF000FFF788FE5A20FFF785FE5A20FFF782FE46
:105C00005A20FFF77FFE5A20FFF77CFE5A20FFF74D
:105C100079FE012210212046FCF7F7FBBDE8104079
:105C2000102001F017B800000010014010B5FFF778
:105C300079FF1749174A8861D3798B60137ACB6053
:105C400054790C6192794A610124134A042801D1E4
:105C50001078C8B14868002815D0762B13DA107870
:105C6000002810D10D49147008700D4908700D49B5
:105C700008700E490C4808600D4801780D4801294C
:105C800004D00D49016010BD4C60E6E70B49F9E70F
:105C900040000020C20A0020000000200100002077
:105CA000020000201D0000200000AF43B4000020CF
:105CB00007000020B800002000009242DB0F493F9F
:105CC0002DE9FC4700208DF800000124ADF80440C8
:105CD0002D4E024610213046FCF797FB2B4D2878BD
:105CE000FFF710FE6878FFF70DFE02208DF8000028
:105CF000A0463446C501DFF89890264F4FF6FF7650
:105D000036E0404626E0012229462046FCF77DFB8E
:105D1000052000F09FFF002229462046FCF775FB76
:105D2000052000F097FF012229462046FCF76DFB75
:105D300029464846FCF75CFB40B19DF80000BDF8E1
:105D40000410385C08439DF800107854BDF8040036
:105D500006EA4000ADF80400BDF80400FF28D2D9DF
:105D6000102000F077FF9DF80000401C8DF8000027
:105D70009DF800000928C4D302B02046BDE8F047D2
:105D800001221021FCF741BB00100140400000201F
:105D9000000C0140C20A002010B500F00DF800F020
:105DA0000BF800F009F8FFF7DDFE00F02BF8BDE876
:105DB0001040FFF709BF000010B5114C0022102160
:105DC0002046FCF722FB102000F044FF0120FFF7E3
:105DD00099FD4220FFF796FD0020FFF793FD00207C
:105DE000FFF790FD0020FFF78DFD012210212046D6
:105DF000FCF70BFBBDE81040102000F02BBF0000AB
:105E00000010014010B5154C002210212046FCF76F
:105E1000FCFA0120FFF776FD4420FFF773FD002018
:105E2000FFF770FD0120FFF76DFD0320FFF76AFD0E
:105E30000020FFF767FD0020FFF764FD0020FFF75B
:105E400061FD0020FFF75EFD012210212046FCF7D6
:105E5000DCFABDE81040102000F0FCBE001001404C
:105E6000FFF730B970B504461546084604F0B0FB9C
:105E70000646284604F0ACFB05463046214604F0B1
:105E8000D3FB00D234462846214604F0CDFC00D294
:105E90002C46204670BD70472DE9F0470027214C65
:105EA00001253E46C4F894513946C4F8907104F572
:105EB000C874FBF73FF8FBF73DF861602160FBF722
:105EC00039F8FBF737F861602560FBF733F8FBF72B
:105ED00031F865602560FBF72DF8FBF72BF865605E
:105EE0002160A4F5C874FBF725F8FBF723F8DFF869
:105EF00038908846C4F89481FBF71CF8FBF71AF831
:105F00000F20FBF75FFA010929F81610761CF6B28C
:105F1000C4F89451FBF70EF87F1CFFB2802FE9D331
:105F2000BDE8F08700002142080C00202DE9F04F69
:105F300089B0684C07A8CDE9004004F1260106AB02
:105F400002AA881F02F06CFB2088C0057ED502984B
:105F500004F03EFB6FF01D06314604F076FD8046EE
:105F60006060039804F034FB314604F06EFD074690
:105F7000A060049804F02CFB314604F066FD054651
:105F8000E060059804F024FB314604F05EFD06460F
:105F900020610121404604F058FD294604F078FBB9
:105FA00005464FF040484146384604F071FB314603
:105FB00004F06EFB294604F099F904F06BF901F046
:105FC000FFFDDFF814A14FF066394A46534603F04F
:105FD00051FE03F037FBA061E0680121054604F0A3
:105FE00034FD8346294604F053FB0546A06841462C
:105FF000064604F04DFB314604F04AFB294604F006
:106000004FFC4FF07E5104F071F904F043F907465C
:106010000D460121606804F018FD314604F038FB9C
:1060200006465846216904F033FB314604F05EF918
:1060300004F030F93A462B4602F00AF84A46534635
:1060400003F018FE03F0FEFA606100E03FE0216912
:106050000191084604F01CFBE168074608460091E0
:1060600004F016FBA16806468B46584604F010FB68
:10607000616805468846404604F00AFB294604F05C
:1060800035F9314604F00CFC394604F009FC04F003
:1060900001F906460D464046019904F0F9FA074613
:1060A0005846009904F0F4FA394604F01FF901212A
:1060B00004F0CBFC04F0EEF832462B4601F0C8FFAA
:1060C0004A46534603F0D6FD03F0BCFAE06109B03E
:1060D000BDE8F08F7402002066A64C400021022823
:1060E00007D003280BD004280BD008280BD00020A1
:1060F00070474FF08042506A516200B27047044AC4
:1061000002E0044A00E0044A1068116000B27047DF
:106110002404004024080040243401402DE9F041CB
:106120004FF4FA642A4B651022462946186803F09A
:1061300077FA2246274C18602946206803F070FA47
:1061400020601E686FF06301A0F2DC50A6F2DC56FE
:10615000884202DD642800DA00208E4202DD642ECF
:1061600000DA002604F034FA05461B4C704204F0B5
:106170002FFA06462062284604F08CF8174A184B7E
:1061800003F078FD03F05EFA0546E0611548164F0E
:106190000078012819D00121304604F056FC13493B
:1061A00004F076FA394604F015F9206210492846C1
:1061B00004F010F9E061E079002804D00021E161E9
:1061C000401E2162E071BDE8F0810A493046E7E7F0
:1061D000F8000020FC0000207C000020CDCCCCCCBE
:1061E000CCCCF43F070000200000AF43DB0F493F59
:1061F00000007A44DB0FC93E70B500252C460A200A
:10620000FBF7E0F86D1CEDB20444022DF7D340F229
:10621000FE30B4FBF0F00149087070BD07000020AB
:1062200070470000134A10B51278012A04D1134BAD
:10623000114A1B6812685A63114B4FF4E1521C1D3E
:10624000002804DA1A6000F5E150206003E02260C3
:10625000C0F5E15018600A4B0833181D002904DA14
:106260001A6001F5E151016010BD0260C1F5E15015
:10627000186010BD07000020A000002010040020BE
:10628000340400402DE9F84F4FF48061FE48FAF7DE
:10629000A4F8FE490A26DFF8F8930878DFF8F483BB
:1062A000FD4DFE4FDFF8F8A30C244FF0640B0428DB
:1062B00011D005287ED00021FAA20846FFF7B8FACF
:1062C000F2480078002876D0012875D0022874D0D2
:1062D000032873D098E2F548009400210268042353
:1062E0000846FFF769FAF248009404230268002187
:1062F0001E20FFF761FAEF48009404230268002192
:106300003C20FFF759FAEC4800940423026800216E
:106310005A20FFF751FAE9A20A210020FFF788FA74
:10632000E848006810F1FF4F01D3E7A200E0E7A2C0
:106330000A213220FFF77CFAE248006804F00CF9E9
:1063400002F00AFC024603230A213C200094FFF7D6
:1063500033FADF4F386810F1FF4F01D3DAA200E0C3
:10636000DAA20A215E20FFF763FA386804F0F4F835
:1063700002F0F2FB024603230A216A200094FFF791
:106380001BFAD4A214210020FFF752FAC34F686809
:10639000B84217D3CCA214211E20FFF749FA68682F
:1063A00004F0F6F802460423142124200094FFF799
:1063B00003FA04E098E0F5E1F6E1F7E1F8E1686856
:1063C000B8420ED2C1A214211E20FFF731FA68682C
:1063D00004F0DEF802460423142124200094FFF781
:1063E000EBF9BEA214214220FFF722FAA868B842B6
:1063F00007D3B5A214216220FFF71AFAA868B842A1
:1064000004D2B2A214216220FFF712FAB549A8689B
:1064100004F03EF904F0BCF802460423142168207D
:106420000094FFF7C9F9B0A21E210020FFF700FA7F
:10643000DAF804005546B84211D31E21A2A208463C
:10644000FFF7F6F9686804F0A3F8024604231E215A
:1064500024200094FFF7B0F96868B8420ED21E21DC
:106460009AA20846FFF7E4F9686804F091F802463A
:1064700004231E2124200094FFF79EF99CA21E21D4
:106480004220FFF7D5F9A868B84207D38EA21E2193
:106490006220FFF7CDF9A868B84204D28BA21E2172
:1064A0006220FFF7C5F98F49A86804F0F1F804F0FD
:1064B0006FF8024604231E2168200094FFF77CF940
:1064C0008DA228210020FFF7B3F98D48007801281C
:1064D00006D08CA228214120FFF7AAF98AA2C2E0A7
:1064E0008BA2F7E78AA207E3FFF7C2F989A20A2184
:1064F0000020FFF79DF975A20A215A20FFF798F9AD
:1065000086480094032302780A216420FFF754F997
:1065100083A214210020FFF78BF96CA214215A20CA
:10652000FFF786F981480094032302781421642040
:10653000FFF742F967A21E210020FFF779F968688A
:10654000B84211D31E2160A20846FFF771F96868AE
:1065500004F01EF8024604231E2124200094FFF7B5
:106560002BF96868B8420ED21E2158A20846FFF7E0
:106570005FF9686804F00CF8024604231E21242009
:106580000094FFF719F955A21E214220FFF750F998
:10659000A868B84207D34CA21E216220FFF748F931
:1065A000A868B84204D249A21E216220FFF740F930
:1065B0004C49A86804F06CF803F0EAFF0246042393
:1065C0001E2168200094FFF7F7F847A22821002039
:1065D000FFF72EF9DAF804005546B84211D33AA273
:1065E00028211E20FFF724F9686803F0D1FF024636
:1065F0000423282124200094FFF7DEF86868B842BD
:106600000ED232A228211E20FFF712F9686803F08B
:10661000BFFF02460423282124200094FFF7CCF872
:1066200033A228214220FFF703F9A868B84207D314
:1066300025A228216220FFF7FBF8A868B84204D2FF
:1066400022A228216220FFF7F3F82649A86804F067
:106650001FF803F09DFF02460423282168200094C0
:10666000FFF7AAF832A232210020FFF7E1F832A2A8
:1066700032213620FFF7DCF830A232214E20FFF71E
:10668000D7F84D465CE00000980600207C00002012
:10669000080000201C0000201C0B0020000080804F
:1066A0002C0B00204D6F64653A000000140100209F
:1066B000180100201C010020200100204D6F76658C
:1066C000583A0000980000202D0000002B00000028
:1066D0009C0000204C2D503A000000004C2D453A03
:1066E0000000000000007A44522D503A00000000E3
:1066F000522D453A000000004465746563743A0009
:10670000C40000204F464600454C452000000000D4
:106710004F4E20004D656469616E3A000D01002006
:106720005468726573686F6C643A00000E01002053
:1067300043434420000000002E00000056000000EB
:10674000B9F800100223B1FBFBF23221282000949B
:10675000FFF732F828880123B0FBF6F0B0FBF6F122
:1067600006FB110232213E200094FFF725F828880D
:106770000123B0FBF6F106FB110232214620009402
:10678000FFF71AF898F80000444600283FF4AAAE34
:10679000AFF2900232216920FFF74AF820780028F2
:1067A000F4D0AFE1DCA204E0DDA202E0DEA200E072
:1067B000DFA200213220FFF73BF8DF4800780128F4
:1067C00005D0022803D0032801D040B11CE0DB48EB
:1067D0000078012801D0DAA212E0DCA210E0DE4845
:1067E0000078012822D0DD480078012820D0DC483C
:1067F000007801281ED0DB48007801281CD0DAA2DE
:106800000A210020FFF714F8DA48DBA24FF0140148
:10681000007801284FF0000010D0FFF709F8D848A1
:106820000068B84237D3AFF2601236E0D5A2E7E78E
:10683000D7A2E5E7D9A2E3E7DBA2E1E7FEF7F8FF9D
:10684000CF480068B84202D3AFF2841201E0AFF241
:10685000841214213220FEF7EBFFC948006803F0D0
:106860007BFE02F079F90246042314213C200094B7
:10687000FEF7A2FFB8480078012804D0B748007896
:10688000012802D034E0CBA200E0CCA21421622087
:10689000FEF7CEFF2CE0AFF2CC1214213220FEF72F
:1068A000C7FFB748006803F057FE02F055F90246EB
:1068B000042314213C200094FEF77EFFC1480068A9
:1068C000B84202D3AFF2002201E0AFF2002214215D
:1068D0005E20FEF7ADFFBB48006803F03DFE02F00E
:1068E0003BF90246032314216A200094FEF764FF5B
:1068F000AFF220221E210020FEF79AFF6868B842FE
:1069000014D3AFF23C221E210846FEF791FF6868BF
:1069100080F0004003F03CFE024604231E212420A8
:106920000094FEF749FF6868B8420FD2AFF26422C4
:106930001E210846FEF77CFF686803F029FE024628
:1069400004231E2124200094FEF736FFAFF27422A8
:106950001E214220FEF76CFFA868B84215D3AFF2A3
:1069600098221E215E20FEF763FF9749A86803F076
:106970008FFE03F00DFE024604231E2168200094C2
:10698000FEF71AFFA868B84212D2AFF2C0221E2149
:106990005E20FEF74DFF8D49A86803F079FE03F0F5
:1069A000F7FD024604231E2168200094FEF704FF31
:1069B000AFF2CC2228210020FEF73AFFDAF80400DB
:1069C0005546B84214D3AFF2003228211E20FEF7FC
:1069D0002FFF686880F0004003F0DAFD02460423D0
:1069E000282124200094FEF7E7FE6868B8420FD201
:1069F000AFF2283228211E20FEF71AFF686803F044
:106A0000C7FD02460423282124200094FEF7D4FE6B
:106A1000AFF2243228214220FEF70AFFA868B842CC
:106A200015D3AFF25C3228215E20FEF701FF6649E4
:106A3000A86803F02DFE03F0ABFD024604232821D5
:106A400068200094FEF7B8FEA868B84212D2AFF2F0
:106A5000843228215E20FEF7EBFE5C49A86803F033
:106A600017FE03F095FD02460423282168200094B8
:106A7000FEF7A2FE3F480078012847D0F0B3022875
:106A800048D053A232210020FEF7D2FEAFF2583296
:106A900032213E20FEF7CCFEAFF26032322156208A
:106AA000FEF7C6FEB9F800104D46B1FBFBF202231B
:106AB000322130200094FEF77FFE28880123B0FBAE
:106AC000F6F0B0FBF6F106FB1102322146200094ED
:106AD000FEF772FE28880123B0FBF6F106FB1102D7
:106AE00032214E200094FEF767FE98F8000000283F
:106AF0003FF4F8ACAFF2F432322100E008E0692054
:106B0000FEF796FEBDE8F84FFEF7E8BD32A2B9E702
:106B100033A2B7E734A2B5E74E6F726D616C200007
:106B200041766F6964202000466F6C6C6F7720009F
:106B3000416C6F6E672020007C0000202800002040
:106B40004661696C7572652020200000537563638F
:106B50006573732020200000010000200000002049
:106B6000020000201D0000204C494E4B494E472E8C
:106B70002E2E00000700002053504545443A0000E7
:106B8000B4000020426C7565746F6F74682000005B
:106B9000505332202020202020200000524F53202C
:106BA0002020202020200000522D432020202020C3
:106BB0002000000050692F350000000050692F347C
:106BC00000000000B800002000007AC400007A44F1
:106BD0004254414E4B000000414B4D20200000002C
:106BE00044494646200000005354414E4B000000EB
:106BF000401EB0F1807F01D3012070474FF0E021AB
:106C00004861054AF02082F8140D002088610720B1
:106C100008610020704700000FE000E001B50C485B
:106C20004FF47A710068B0FBF1F0FFF7E1FF00204C
:106C30004FF0E02103E00A69D203FCD5401C009A22
:106C40009042F8D3086920F00100086108BD0000F7
:106C50003000002001B50B480B490068B0FBF1F093
:106C6000FFF7C6FF00204FF0E02103E00A69D203DE
:106C7000FCD5401C009A9042F8D3086920F001002E
:106C8000086108BD3000002040420F00FBF7C8BB80
:106C900030B595B028216846F9F7C1FB14210AA840
:106CA000F9F7BDFB18210FA8F9F7B9FB012108047A
:106CB000CDE900100025029502240491CDE907409A
:106CC0004FF4E01009906846FBF7F4FD08B172B686
:106CD000FEE70AA90F2081E831004FF48060CDE97A
:106CE0000D0502210AA8FBF709FD08B172B6FEE7FF
:106CF0004FF4404011900F940FA8FBF789FC002837
:106D000001D072B6FEE715B030BD70470148FCF700
:106D10009FBB0000C80300200148FCF799BB00009E
:106D2000A00400200148FCF793BB0000E804002009
:106D30000148FCF78DBB000030050020F0B502686B
:106D4000204C214D214E224F224B4FF0804CA0422F
:106D500009D0984207D0604505D0A84203D0B04280
:106D600001D0B84204D122F0700E4A6842EA0E0205
:106D7000A04209D0984207D0604505D0A84203D070
:106D8000B04201D0B84203D122F44075CA682A4308
:106D90004D6922F080022A4302608A68C2620A6852
:106DA0008262A04201D0984201D1096901630121A8
:106DB00041610169C90703D0016921F00101016145
:106DC000F0BD0000002C014000040040000800401D
:106DD000000C00400034014010B501F01F030121F8
:106DE000046A99408C430462016A9A40114301622B
:106DF00010BD10B5846842EA032224F47F440A439C
:106E00002243826010BD826822F070020A4342F081
:106E10000701816070470000F0B5036A026A22F042
:106E20000102026242688469124E24F073050C6804
:106E30002C4323F002058B682B430D4DA84201D053
:106E4000B04205D123F00807CB683B4323F004038D
:106E5000A84201D0B04205D14D6922F440721543D9
:106E60008A692A4342608461496841630362F0BDD4
:106E7000002C014000340140F0B5026A036A23F09F
:106E800010030362436884690D6824F4E64444EA0D
:106E900005248D6822F0200242EA05120F4D104EA3
:106EA000A84201D0B04206D1CF6822F0800242EA67
:106EB000071222F04002A84201D0B04207D14D692A
:106EC00023F4406343EA85038D6943EA8503436005
:106ED0008461496881630262F0BD0000002C0140BA
:106EE00000340140F0B5026A036A23F48073036240
:106EF0004368C46922F4007224F073050C68124ED2
:106F00002C438D6842EA05220E4DA84201D0B042C2
:106F100006D1CF6822F4006242EA072222F480629E
:106F2000A84201D0B04207D14D6923F4405343EA4F
:106F300005138D6943EA05134360C4614968C16361
:106F40000262F0BD002C01400034014030B5046AFB
:106F5000026A22F4805202624268C3690D6823F417
:106F6000E64343EA05238D6824F4005444EA0534DB
:106F7000084DA84202D0084DA84204D14D6922F420
:106F8000804242EA85124260C3614968016404623A
:106F900030BD0000002C01400034014010B5036AF0
:106FA000046A24F001040462846924F0F00444EAD1
:106FB000021423F00A020A438461026210BD000039
:106FC00070B5056A046A24F0010404628469124EF3
:106FD000B0420ED0114EB0420BD0B0F1804F08D06D
:106FE0000F4EB04205D00F4EB04202D00E4EB0420E
:106FF00003D124F00304144301E044F001041A0710
:1070000024F0F00444EA126225F00A0301F00A01B8
:1070100019438261016270BD002C014000340140BF
:107020000004004000080040000C004010B5036A56
:10703000046A24F010040462846923F0A00324F499
:10704000704444EA023243EA01118261016210BDD8
:1070500030B5046A056A25F010050562856925F4D6
:10706000407545EA022222F470454FF6FF7202EAAB
:10707000033224F0A0032A43A02404EA0111194397
:107080008261016230BD000070B50C480024D0F868
:1070900034010B4D28700B480088B0F57A7F04D27C
:1070A0003220FDF795FC012402E0C820FDF790FC9A
:1070B000287800B10124204670BD00000000224263
:1070C0001C000020080000200148FCF769BC0000FB
:1070D000780500200148FCF763BC0000C0050020D3
:1070E00010B5406A0021C185C184FCF758FC10BD71
:1070F00001680C3151E8002F22F4907241E800231E
:10710000002BF5D10168143151E8002F22F0010263
:1071100041E80023002BF5D1016B012909D1016859
:107120000C3151E8002F22F0100241E80023002B1F
:10713000F5D1202180F8421000210163704708B585
:1071400090F84210222901D0022008BD82684FF435
:1071500080539A4201D1016921B1816A9A421BD0C0
:107160004AB10AE00268816A5268C2F308020A80E2
:10717000816A891C08E0026972B10268526802F0F3
:107180007F020A70816A491C8162C18D491E09040F
:10719000090CC18503D01BE002685268F1E7016861
:1071A000CA6822F02002CA600168CA6822F48072AC
:1071B000CA6001684A6922F001024A61202180F810
:1071C000421000214163026B012A03D0FCF730FE1C
:1071D000002008BD016301680C3151E8002F22F046
:1071E000100241E80023002BF5D101680A68D2069D
:1071F00002D50A6849680091818DFCF7CFFBE7E76B
:1072000070B5044600680169E26821F440511143F9
:1072100001612169A0680843616908432168CA685F
:1072200041F20C639A430243CA6020684169A26933
:1072300021F44071114341611E492068884202D106
:10724000FBF702FB01E0FBF7EFFA00EBC00101EBFB
:107250000012606864218000B2FBF0F3B3FBF1F32D
:107260006FF018067343B2FBF0F5B2FBF0F605EBD6
:107270008305322303EB0515B5FBF1F5B6FBF1F6FB
:1072800005F0F00505EB0615B2FBF0F6B2FBF0F0E9
:10729000B0FBF1F06FF01802504306EB800003EBF7
:1072A0000010B0FBF1F0216800F00F002844886066
:1072B00070BD00000038014081628285C2850021D6
:1072C0004164222180F84210016921B10168CA6835
:1072D00042F48072CA6001684A6942F001024A6160
:1072E0000068C16841F02001C160002070470000C3
:1072F0000148FCF755BB00000806002000B5054B0F
:107300000022985C02F094F9521CD2B2182AF8D3E9
:1073100000BD00006E0B00200148FCF741BB0000DF
:1073200050060020FEE7000070B52C4C00252C48CC
:10733000217806294FD2DFE801F003091A233342EE
:107340000121FBF755F8012816D044E06188491C5B
:1073500089B2618005293ED10121FBF749F8012856
:1073600002D06580257036E02078401C13E00121B2
:10737000FBF73EF801282BD02078401C20702AE033
:107380006088B0F5C87F03D925706580022070BD84
:10739000052803D90420207065801CE02570FBE7D8
:1073A0006188491C89B26180262914D10121FBF72B
:1073B0001FF80128D8D025706580012070BD0121FB
:1073C000FBF716F8012803D065802570032070BDF7
:1073D0006088401C6080002070BD000038000020E4
:1073E0000008014070B51B4D06460C4611F0FF4FDA
:1073F0002DD016F0FF4F2AD0304602F0EBFF01F0FF
:10740000C1F9294603F010F90ED8B4F5000F304643
:1074100002DB01F0B7F903E001F0B4F980F00040BD
:10742000294602F0D7FF04462146304602F0D2FF3B
:10743000094902F05BFF0146084802F0CBFF02F069
:1074400029FF00F0F5FCBDE8704002F0FBB8002019
:1074500070BD00003333B33E9EEFA73DBC74133EB6
:1074600010B501EB002000B202F09DFB0022034B9F
:1074700002F0D6F9BDE8104002F0E4B800408F40B9
:10748000490050EAC12018BF04204A0D18BF40F03F
:10749000010040F2FF72B2EB515F08BF40F0020002
:1074A000012808BF052070470907090E002804DBE2
:1074B00000F1E02080F80014704700F00F0000F1A8
:1074C000E02080F8141D70472DE9F74F144694B062
:1074D0000021C4E902111599079121F00045C9491D
:1074E0008D4206DC1599C4E9000117B00020BDE803
:1074F000F08FC549DFF814A3A9423CDD0799C44EBB
:107500000029C44FC44A1599534619DD02F0D8FD2D
:10751000554506D0C14AC24B02F0D2FDC4E9000174
:107520000AE04FF0D352BE4B02F0CAFD32463B4652
:1075300002F0C6FDC4E9000117B00120BDE8F08FDC
:1075400002F0B2F8554506D0B44AB54B02F0ACF89B
:10755000C4E900010AE04FF0D352B14B02F0A4F8A5
:1075600032463B4602F0A0F8C4E9000117B04FF0E4
:10757000FF30BDE8F08FAB49A942159978DB21F0C7
:10758000004183468846A84AA84B02F073FB0022BC
:10759000A74B02F089F802F0D7FA099002F003FB3A
:1075A00006460F469C4A534602F064FB43465A4641
:1075B00002F094FC80468A46984A994B30463946F8
:1075C00002F058FB2A0D01250B924246534602F069
:1075D00085FC032DC4E9000139D00B98C1F30A5191
:1075E000401A05EB45111139814230DA9148C34602
:1075F000784400EB0510CDF80CA00C90D0E90023E6
:107600003046394602F036FB02460B46049106909E
:107610005846039902F054FD80468A4602460B46BE
:107620005846039902F04CFD049B069A02F048FD6F
:1076300083460C9803913946D0E90223304602F084
:1076400019FB5A46039B02F03BFD6D1CBDE70798F2
:107650000028A2BF099817B0BDE8F08F616881F0DB
:1076600000416160099817B04042BDE8F08FFFE724
:1076700084461598C1F31301C0F30A50A0F2F53007
:107680004FEA601800F01F06C6F12000139000209A
:107690000690079041F4801E05206D4676B1664A3B
:1076A00008EB00017A4452F8213002EB8101B3402B
:1076B0004A68139922FA01F1194305E05F4908EB82
:1076C0000002794451F82210A1FB0E27A1FB0C13F4
:1076D0001A449A4234BF0123002303EB070A05EB47
:1076E0008003D3E901B70F448F4234BF0121002149
:1076F00093448B4411B1934502D903E0934501D2E1
:10770000012100E00021C3E901B7514445F82010F0
:10771000011EA0F10100C1DC0298059F00F100509C
:10772000800F12900298DDE90356800002F03BFAC8
:10773000834628460D9102F04DFA6FF01D0203F0CA
:1077400056F9CDE90E01304602F044FA6FF03D02E1
:1077500003F04DF980468A46384602F03BFA6FF056
:107760005D0203F044F9074642465346119101F089
:107770009BFFDDE90E2301F097FF5A460D9B01F0B8
:1077800093FF00250E465A4628460D9B02F098FCB2
:10779000DDE90E2302F094FC4246534602F090FCD1
:1077A0003A46119B02F09AFBDFF898A0244A534610
:1077B00002F060FA07468846234A244B31462846A1
:1077C00002F058FA3A46434601F06EFF07468846F3
:1077D0004FF0A84253463146284602F04BFA3A464B
:1077E000434601F061FF159A12F0004F04D0129A3F
:1077F00081F0004152421292C4E90001129817B080
:10780000BDE8F08FFB21E93F7CD90240FB21F93F25
:107810007370032E8A19A33B000040543163621A2F
:1078200061B4D03DFB21394183C8C96D305FE43F6D
:107830000000E03F3C420000B84100009A410000D7
:10784000182D4454FB21F93D3326A611460B113C5B
:107850002DE9F0414F1E00EBC7010446D1E90001BC
:1078600015461E4637F006020DD02A46334602F072
:1078700001FA7F1E04EBC703D3E9002301F014FFD4
:1078800037F00602F1D1022F25D0042F13D0062F96
:1078900018BFBDE8F0812A46334602F0EBF9D4E97F
:1078A0000A2301F001FF2A46334602F0E3F9D4E946
:1078B000082301F0F9FE2A46334602F0DBF9D4E949
:1078C000062301F0F1FE2A46334602F0D3F9D4E94B
:1078D000042301F0E9FE2A46334602F0CBF9D4E94D
:1078E000022301F0E1FE2A46334602F0C3F9D4E94F
:1078F0000023BDE8F04101F0D7BE00002DE9F04DB6
:1079000004468CB0904821F00047164698460D4634
:107910000991874206DA2046294602F015F9002827
:1079200000F0AE808948B8421CDC09980028BCBF32
:1079300085F0004588F00048854A864B2046294658
:1079400002F0CCFA04460D4632464346824883494B
:1079500002F0B6FB22462B4601F0A6FE00260446A6
:107960000D46B04622462B461046194602F082F9D3
:107970008B46824602460B4602F07CF9024608908E
:1079800077480B46009106217844FFF761FFCDE967
:107990000310744806217844009B089AFFF758FFAB
:1079A00052465B4602F066F9CDE9051052465B4649
:1079B0002046294602F05EF907910090DDE90310A8
:1079C000DDE9053201F070FE079B009A02F052F9E2
:1079D0003246434601F068FE52465B4602F04AF9E1
:1079E0003246434601F060FE80460E465E4A5F4BDB
:1079F0000799009802F03EF94246334601F054FEE2
:107A000082468B4622462B4601F04EFE80464F486A
:107A10000E46B84214985BDC02F0C5F807464246B1
:107A20003346059101F040FECDE901104246334650
:107A30001046194602F01EF9DDE9013201F0F0FEB0
:107A400052465B4602F03CFB22462B4602F046FAC9
:107A5000012202F0CCFF3A46059B02F03FFA0446B1
:107A60000D460998022101EAA070C0F1010002F060
:107A70009AF80CB022462B46BDE8F04D02F0FAB859
:107A80001498401C384320430BD01498012812D07E
:107A90000CB022462B46BDE8F04D0020344901F0E1
:107AA000BFBE0CB025F000432246BDE8F04D0020DB
:107AB000304901F0B5BE20462946FFF7E1FC042815
:107AC00008BF00F073F820460CB02946BDE8F08DE1
:107AD000012802BF40460CB0BDE8F08D00270B46E0
:107AE0003A462046294602F0F9F952465B4602F032
:107AF000F5F904460D464246334600201C4901F084
:107B00008FFE83463A4688463346104602F0B2F866
:107B10000022184B01F0C8FD06468A4622462B4635
:107B20003846414602F0A6F83246534601F0BCFD05
:107B30005A46434602F09EF80CB03A464346BDE82A
:107B4000F04D01F0B1BD00000000303E2894E53F4B
:107B5000182D4454FB21E93F075C143326A6813CD1
:107B60006C3F00008E3F0000635555555555D53F7D
:107B70000000F0BF0000F03F00221346104601490C
:107B800001F04EBE0000F03F012202F030BF01F0D4
:107B90008BBD002213461046114601F041BE40F253
:107BA000013200204FF0E04102F021BF024A0020E4
:107BB000110702F01CBF000001FDFFFF704700002D
:107BC0002DE9F04D8D4F21F0004A86B005460C4658
:107BD000BA452ADBAAEB070028430AD08848824529
:107BE00001DC1AD1CDB106B02846BDE8F04DFFF753
:107BF000CBBF844A844B284602F03CF807460E4629
:107C0000824A834B2846214602F034F806B03A46B1
:107C10003346BDE8F04D01F047BD0120F8F72FFCD9
:107C200006B0BDE8F04DFFF7B4BF7A48824542DAAE
:107C3000BAF1795F0BDA2846FFF722FC042808BF67
:107C4000FFF7B4FF284606B02146BDE8F08D2A466E
:107C50000B46104602F00EF8834602466E480E466A
:107C60000B4606217844FFF7F3FD5A46334602F0EF
:107C700001F8804669488A465A46334604217844CA
:107C8000FFF7E6FD5A46334601F0F4FF00223B467B
:107C900001F00AFD02460B464046514601F0C0FD88
:107CA0002A46234601F0E6FF06B02A462346BDE8F1
:107CB000F04D01F0F9BC284624F0004100223D4679
:107CC0003B4602F00BF94FF0FF3202F090FE064601
:107CD000024653480F460B4606217844FFF7B8FD8D
:107CE00032463B4601F0C6FFCDE900014D48324621
:107CF0003B4604217844FFF7ABFD32463B4601F09A
:107D0000B9FF00222B4601F0CFFC8346029130469A
:107D1000394601F01BFC804643480D46504517DCB0
:107D2000DDE900015A46029B01F07AFD42462B46EE
:107D300001F0A0FF42462B4601F0B6FC012202F002
:107D400056FE304A304B02F0BBF9304A304B4CE023
:107D50004FF0000A52460B46404601F0A5FCCDE923
:107D6000031052462B461046194601F083FF324657
:107D70003B4602F0B3F8DDE9033201F051FD06465F
:107D80000F46DDE900015A46029B01F049FD83469A
:107D9000009101223046394602F029FE194A1A4B59
:107DA00002F09CF806460F4601224046294602F0A2
:107DB0001EFE5A46009B01F05DFF32463B4602F034
:107DC0007FF906460F4601225046294602F00FFE73
:107DD0000E4DDFF858802A46434602F07FF83246BF
:107DE0003B4602F07BF82A46434602F077F8002C27
:107DF000D8BF81F0004106B0BDE8F08D0000F03F33
:107E00000000F07F075C143326A6913C182D4454E3
:107E1000FB21F93F0000E03F503A0000663A0000C5
:107E2000DA390000F03900003333EF3FFB21E93F3E
:107E30002DE9F84F04460D4621F0004000917349AA
:107E4000814211DC7249884201DC06D12CB1204606
:107E50002946BDE8F84FFFF797BE6E48002DCCBF0E
:107E60006D496E49BDE8F88F6D49814211DD6D495C
:107E70008142D8BF4FF0FF366DDD20462946FFF71F
:107E8000FFFA042808BFFFF791FE20462946BDE807
:107E9000F88F6549654F25F00045814233DD64491F
:107EA000814219DD002632464FF0804320462946A4
:107EB00001F0FAFB80468A4601222046294602F05C
:107EC00096FD00223B4602F0FBF84246534601F085
:107ED000A7FC04460D463EE001260022BA463B467A
:107EE0002046294601F0E0FB80460F46002253461B
:107EF0002046294602F0E4F842463B4601F090FC59
:107F000004460D4627E04B4981421BDDDFF828A1DE
:107F10000226002253462046294601F0ABFE0022ED
:107F20003B4601F0C1FB80460F46002253462046E7
:107F3000294602F0C5F842463B4601F071FC044672
:107F40000D4608E0032622462B4600203B4901F05F
:107F500067FC04460D4622462B461046194601F0A2
:107F600089FE8B46824602460B4601F083FE074699
:107F70000246334888460B4606217844FFF768FCE2
:107F800052465B4601F076FE82462E488B463A46C4
:107F9000434605217844FFF75BFC3A46434601F02F
:107FA00069FE02460B46002E504659460CDA01F097
:107FB0007BFB22462B4601F05DFE01B022462B469C
:107FC000BDE8F04F01F08ABF01F06EFB22462B4660
:107FD00001F050FE1C4A7A4402EBC603D3E90023A9
:107FE00002F06EF822462B4602F06AF8174A7A44ED
:107FF00002EBC603D3E9002301F070FF009A002AC8
:10800000B8BF81F00041BDE8F88F000000001044C7
:108010000000F07F182D4454FB21F93FFB21F9BFEC
:108020000000DC3F0000203E0000F33F0000F03F76
:108030000000E63F008003400000F83F0000F0BF72
:10804000F2370000B03700004E370000163700004E
:108050002DE9F04D9446CCF1000423F000464CEAA3
:108060000404594F46EAD4749A46884621F00042E7
:10807000BC4206D8454240EA050442EAD474BC42F8
:1080800004D9BDE8F04D6246FFF781BDAAF1405525
:10809000A5F17F6555EA0C040BD0022404EAAA740A
:1080A0004A4DDFF82CE144EAD87452EA000B04D0C0
:1080B0000CE0BDE8F04DFFF7BBBE002C14BF012C57
:1080C000BDE8F08D022C30D0032C32D056EA0C0BD8
:1080D0000AD0BE4220D1BA4209D126F0804622F011
:1080E00080423346114617E000291ADB25E0DFF80D
:1080F000E4B0FB44002C04BFDBE90001BDE8F08DD7
:10810000012C02BFDBE9000181F00041BDE8F08DE8
:10811000022C0AD0032C0CD0BA4212D1B8F1000FB5
:108120000BDA2A482C49BDE8F08D28462B49BDE8DA
:10813000F08D28467146BDE8F08D24482849BDE8F9
:10814000F08D921B12153C2AC4BF204F244E10DC28
:10815000BAF1000FBEBF12F13C0F00273E4608DB0C
:10816000624601F05DFB21F00041FFF761FE07462A
:108170000E4694B1012C08BF86F000460DD0194A76
:10818000194B022C3846314615D001F099FF2A468A
:10819000BDE8F04D114B01F093BF00221346384665
:1081A000314601F095FC04BF0220F8F768F9384623
:1081B0003146BDE8F08D01F083FF2A46BDE8F04D61
:1081C000064B01F08BBE00000000F07F182D4454D8
:1081D000FB2109C032370000FB21F9BFFB21094018
:1081E000FB21F93F075C143326A6A13C2DE9F04F93
:1081F000DFF8349291B04C46B9F8040001F0EAFC83
:108200008A4E0022334601F00BFB01F01BFA0546B3
:10821000608D01F0DFFC0022334601F001FB01F02C
:1082200011FA074630216846F8F7F9F8DFF80082BE
:108230002846414602F034FB7E4C7F4E0546A04264
:1082400003D3314602F052F805464146384602F063
:1082500027FB0746A04203D3314602F047F8074602
:108260000146284602F0E0FA04D23146384602F0D0
:108270003DF8074600243846294602F011FB02F07B
:1082800009F86E4B002201F0CBFACDE90E01284629
:1082900002F000F8B0466A4EDFF8A8A14FF0010BDB
:1082A0006D46CDE90C01204601F094FC02460B46D8
:1082B000DDE90E0101F0DEFC02460B46DDE90C01B2
:1082C00001F0F2F901F0BEF9414645F82400884278
:1082D00009DD32681AB9C6F800B0CAF8004002F0E9
:1082E000DFFA45F82400641CA4B20C2CDBD35649F9
:1082F0000020DFF860E181F800B05449564C0EF1DF
:108300004803087052483844B0F5004F05D80C2196
:10831000C6F800B0CAF8001001E03068F0B30020E1
:10832000A846DAF80010226811E000BF151805EB26
:10833000450558F8207003EB450500EB400CC5F8E7
:1083400002700CEB0907401CFF882F8080B2884226
:10835000ECDB0A440020C1F10C07C246226010E0A9
:10836000431800EB40080EEB48055AF823C0C5F847
:1083700002C003EB430C0CEB0903401CDB882B8091
:1083800080B28742ECDC334902EB420042004831C4
:1083900001F6D810F7F7DCFF304900E007E020686D
:1083A00008602F49002081F800B0306037E02C4A87
:1083B00000209C461178E1B1DAF800300021C3F1C9
:1083C0000C030DE001EB41070EEB47060CEB4707F2
:1083D000D6F80280C7F802803688491C3E8089B2F0
:1083E0008B42EFDC0021117027683B442360CAF800
:1083F0000010216855F82030014401EB41060CEBD8
:10840000460100EB4006C1F8023006EB0903401CB0
:10841000DB8880B20B800C28CCD320680C30206025
:1084200011B0BDE8F08F0000882000200000594006
:1084300000003443000080800000B4430000254069
:108440001400002018000020280000207E000020DA
:1084500000804CBC080D0020100000200C00002003
:108460000A0000202DE9F05F5D4C7B2081462076DC
:108470007D2084F82E005B485C495D4E02785A48A6
:10848000DFF870B1D1F8008007684FF0FF3A00259F
:1084900032B1012A04D0022A16D0032A2FD187E054
:1084A0003946404601F022FF514602F0CEFA3146ED
:1084B00002F0EEF802F050F86083A583414638469A
:1084C00002F0EEF9594612E03946404601F00EFF3F
:1084D000514602F0BAFA314602F0DAF802F03CF8FE
:1084E0006083A5834146384602F0DAF9424901F03B
:1084F00071FF314602F0CCF802F02EF8E0833F48DD
:10850000B0F900103E4861840088404206B23D4800
:10851000A684B0F900303C48E384B0F900203B4821
:1085200022850088404207B23948678590F800C02C
:10853000BCF1000F50D0A58536484FF47A750088FD
:108540006843208484F8009084F801C0658B4FEA6A
:10855000152C84F802C0E570A58B4FEA152C84F821
:1085600004C06571E58B4FEA152C84F806C0E571EF
:108570000D0A25726172310AA172E672190A21731D
:108580006373110AA173E273390A21746774A18DB0
:108590000A0AA274E174010A21756075012116208E
:1085A000F8F74EFBA07594F82E00E075BDE8F09F3B
:1085B0003946404601F09AFE514602F046FA3146ED
:1085C00002F066F801F0C8FF6083A5834146384693
:1085D00002F066F910498AE710480088A085ABE7E9
:1085E0006E0B0020070000202C0B00201C0B00202D
:1085F00000007A449EEF273E713D0A3E860000202F
:108600008A000020880000209400002090000020B4
:108610001C000020080000208D976E3E9200002074
:108620002DE9FF4F89B01746DDE916520024544E5C
:10863000884681462C80A246B07B694600F09CF9B2
:108640004FF0FF3B18B158460DB0BDE8F08F708970
:1086500010F0140F4CD0BDF800109DF8022049BA5C
:10866000090441EA02239DF803100B433B60BDF867
:1086700004109DF8062049BA090441EA02229DF837
:1086800007101B140A437A60BDF808109DF80A40D1
:1086900049BA090441EA04219DF80B401214214310
:1086A000B960BDF80C409DF80EC064BA240444EAD9
:1086B0000C2C9DF80F4009144CEA040CC7F80CC0B0
:1086C0004FEA2C475B43494302FB023207FB071189
:1086D00011441024A1F17061B1F1007F04D900F0C0
:1086E00093F9A5F800A0AEE7298841F480712980AC
:1086F0004206694611D50A19A41D13885BBAA8F869
:10870000003053885BBAA8F80230928852BAA8F8B1
:1087100004202A8842F008022A8010F4C07F11D079
:108720000A19A41D13885BBAA9F8003053885BBAF4
:10873000A9F80230928852BAA9F804202A8842F097
:1087400070022A80800716D00C44E07800F0C00543
:1087500000F03F016078C00706D0C80801F00701AB
:108760003268491C02B190476078000703D57168F0
:1087700009B1A80988470C9800F0F3F9002063E7D5
:10878000B820002010F1FF4F01D380F00040704767
:1087900009490A78C1B232B1084A13685B06FCD5B0
:1087A000064A121D05E0064A13685B06FCD5044A1A
:1087B000121D1160704700000400002000480040B6
:1087C000003801402DE9F0411D4614460F4606468B
:1087D000FBF778FEB0B17006000EFBF743FEFBF727
:1087E000B9FE90B13846FBF73DFEFBF7B3FEFBF751
:1087F00069FE012000EB4600C0B2FBF733FEFBF739
:10880000A9FE0FE00120BDE8F081FBF783FEF9E748
:10881000012C0DD05FF00100FBF7EEFD641E05F8A2
:10882000010BE4B2002CF3D1FBF774FE0020EAE761
:108830000020F1E72DE9F0411E4615460F4604469B
:10884000FBF740FE68B16006000EFBF70BFEFBF77E
:1088500081FE48B13846FBF705FEFBF77BFE00249E
:108860000CE00120BDE8F081FBF754FEF9E7305D34
:10887000FBF7F8FDFBF76EFE10B1641CAC42F6DBB3
:10888000FBF748FE0020EDE700252E46F9F7D0FD66
:10889000FEF7FEF9FCF734FBFCF7DCFAFCF704FB0F
:1088A000FCF76AFCFCF7C8FCFCF73AFDFCF79AFD04
:1088B000FCF7BAFDFCF7DAFDFCF772FDFCF798FE59
:1088C00047214FF6FF70FDF7CBFAFCF779FAFDF779
:1088D00063FAFDF791FC0122244FD4032146384668
:1088E000F9F793FD4FF49670FEF798F900222146B0
:1088F0003846F9F78AFD1E4CE078012801D1FCF7D3
:108900008BFBF8F775F9FCF7D5FC4FF00509DFF89C
:1089100064A000274FF00108FDF76EFC2078B8B185
:10892000012208215046F9F770FDFDF77FF9FDF7A8
:10893000A9FCF7F703FFF9F761F8761CF6B20544D6
:10894000052E0CD1B5FBF9F00026A080354606E0D7
:10895000002208215046F9F758FDF8F7D3F984F8BA
:1089600002806770A0780028FCD1D5E7000801409C
:1089700004000020001001402DE9F843214C064678
:10898000174694F8240089464FF0FF3890B3A07A38
:1089900080B320686B460222817A60680078FFF716
:1089A00011FF38BBBDF8000045BAB54202D2002025
:1089B00038701FE060684188B5EB510F11D921680C
:1089C00000786B46497C0122FFF7FCFE90B99DF8C8
:1089D0000000C00605D500F017F86FF00100BDE8F3
:1089E000F8832068F2B24B46C17A60680078FFF7DE
:1089F000E9FE08B14046F2E7B5FBF6F0401E3870DC
:108A00000020ECE7AC020020F8B5524C4FF0FF36E6
:108A1000A07A00287CD000258DF8005020686B4695
:108A20000122C17B60680078FFF704FF00286FD146
:108A300020686B460122417960680078FFF7FAFEF2
:108A4000002865D120686B460122017960680078B2
:108A5000FFF7F0FE00287AD194F82400C8B30C2068
:108A60008DF8000020686B4601220179606800786B
:108A7000FFF7E0FE00286AD1C0208DF80000A07A40
:108A8000C00702D0E0208DF8000020686B4601226C
:108A9000017960680078FFF7CDFE002857D1607C2F
:108AA00018B102208DF8000001E08DF80050206818
:108AB0006B460122C17B60680078FFF7BBFE38BBC4
:108AC0008DF8005020686B4601224179606800787B
:108AD00039E0FFE704208DF8000020686B46012292
:108AE000017960680078FFF7A5FE88B9A07C80B99D
:108AF000A07AC0070DD060208DF8000020686B467A
:108B00000122017960680078FFF794FE00B902E065
:108B10001DE04020F0E7607C18B101208DF80000D6
:108B200001E08DF8005020686B460122C17B60682F
:108B30000078FFF77FFE50B92068064B012241798B
:108B4000606810330078FFF775FE002800D03046CB
:108B5000F8BD0000AC020020002800DC404280B2DA
:108B6000704770470246012000E05043491EC9B2D9
:108B7000FBD270472DE9F04D1D460C4698B01746C4
:108B800021F0004123F00043002814BF4FF0010CF6
:108B90004FF0000C0CEB440CFE4A0CEB02064FEAC3
:108BA000620C66452BD33E0018BF012606EB450636
:108BB0001644F94A964222D3F84A53EA070C02D0E7
:108BC000944205D148B918B000201146BDE8F08D97
:108BD000002808BF4FF0000C01D04FF0010C0CEB47
:108BE000440212F5001F0AD8002F14BF4FF0010CE9
:108BF0004FF0000C0CEB450212F5001F07D918B01E
:108C00003A462B462146BDE8F04DFEF7C0BF002294
:108C1000DFF88CA3002CB8BF534526DADFF884C3F5
:108C20006345A8BF022220DADFF870C39C451CDC34
:108C3000DFF874C30CEB235CBCF1140F08DDCCF13E
:108C4000340627FA06FC0CFA06F6BE420DD108E0FF
:108C50005FB9CCF1140623FA06FC0CFA06F69E4224
:108C600003D10CF00102C2F1020251EA000C19D149
:108C7000002D17DA002C18BF022A01D0012A07D0D4
:108C80000220F7F7FCFB18B0BDE8F04DFEF774BF0B
:108C90000220F7F7F4FBFEF76FFF18B081F00041F8
:108CA000BDE8F08DB7F1000C6CD1534525D104F12E
:108CB000804212F5801201BF00280020B74918B089
:108CC00008BFBDE8F08DB548884207DC002DA1BF84
:108CD0006046294618B0BDE8F08D07E0281E05DA89
:108CE00080F0004118B06046BDE8F08DAF4979448E
:108CF000D1E9000118B0BDE8F08DDFF8A0C26345EE
:108D000025D1002D1FDA19B1514512D1D8B909E08A
:108D1000002840F0EC82A24A214618B062F31E01FE
:108D2000BDE8F08D0020214618B060F31E01BDE8BB
:108D3000F08D08DA18B02346BDE8F04D0246002059
:108D4000614600F06DBD18B02146BDE8F08D51457B
:108D500018DAB5F1804F0DD0A5F1005CBCF1FF5CD5
:108D600010D1B4F1000C0DDB18B06146BDE8F04D38
:108D700000F0ECBB234618B00246BDE8F04D1946A2
:108D800000F078BF060024F0004C3BD1D9B151452A
:108D900033D1002C06DD002DA1BF0020514618B0B4
:108DA000BDE8F08D002C01DD002D1BDB002C13DA5B
:108DB000002D11DB012A4FF0000014BF78497C49D7
:108DC00018B0BDE8F08D022A18BF002C0AD0012A85
:108DD00008D1002C06DA0AE0002CB8BF002D11DA09
:108DE000012A04D0002018B00146BDE8F08D18B06B
:108DF00000204FF00041BDE8F08DA1F14050B0F1EE
:108E00007F601AD0012000EBE47050EA020421D008
:108E1000624C521E4FF0000B104304BF4FF0000B8A
:108E2000644C654883427CDD644A654893421FDD9B
:108E3000884217DB002D25DB37E0002C00DA4AB131
:108E4000022A0CBF01204FF0FF3018B0BDE8F04DF2
:108E500000F0A9BE0120F7F712FB18B0BDE8F04DF5
:108E6000FEF797BE4D4A8A4202DC002D0ADC1CE068
:108E7000814202DA002D18DA04E0484B994220DDE5
:108E8000002D12DD0220F7F7FAFAFEF788FE0546FC
:108E90000E46002253465846214600F0EBFE18B01D
:108EA00066F31E012846BDE8F08D0220F7F7E7FAC9
:108EB000FEF77CFE0A46214618B062F31E01BDE8AB
:108EC000F08D00223046614601F0FAF880460E46E9
:108ED0006FF0010201F08BFD4FF05532394B00F07D
:108EE000FDFF4246334600F0C5FE0022364B00F03F
:108EF000F5FF82464246334604911046194600F07B
:108F0000B9FE5246049B00F0B5FE8A4600904FF031
:108F1000C0422E4B4046314600F0ACFE2C4A2B4B53
:108F200000E027E0CDE906015146009800F0A2FEDE
:108F300082460191274A284B4046314600F09AFE6E
:108F40005246019B01F0BCF882460B460246059151
:108F5000DDE9060100F0A8FBDDE9062300268846CE
:108F6000304601F0ADF85246059B00F0B7FF0246CF
:108F700000F07EB90020B1F5801F07DA35223046B7
:108F8000614601F034FD06466FF0340000EB2150DD
:108F900024E00000FFFF1F00FFFF0F000000F03F74
:108FA0000000F07F0000404301FCFFFF362B000073
:108FB0000000F0FF0000F0BF0000E0410000F043BF
:108FC000FFFFEF3F5555D53F0000E03F4715F73F06
:108FD000FE822B6544DF5DF80BAE543EA0F2FF30FD
:108FE0000190C1F3130040F07F6141F040510291C4
:108FF000FE498842D8BF002004DDFD498142C8BF38
:10900000012001DD0D9008E000200D900198401C2A
:1090100001900298A0F5801002900299F5487844DA
:109020000B910D9900EBC100D0E900230F9330465E
:109030000A920B9901F044F8CDE90601DDE90A2115
:1090400030460F9B00F030FB02460B460020EA49F9
:1090500000F0E6FB059102460B460090DDE90601B3
:1090600000F008FE1490E5488A464FF00008784466
:109070000299006812904FF0005040EA61010D988B
:109080000F9B01EB804000F5002109910A9A12988C
:1090900001F016F832460B9B00F020FF4246534683
:1090A00000F0E8FD0646029140465146099B129A9F
:1090B00000F0E0FDDDE9062300F010FF3246029BE0
:1090C00000F0FEFF059B009A00F0D4FD0091149A79
:1090D000049053461046194600F0CCFD0646024661
:1090E000C7480B46029106217844FEF7B1FBCDE953
:1090F0000510029B32461046194600F0BBFDDDE923
:10910000053200F0B7FD0591064653464046194624
:10911000149A00F0C9FA009B049A00F0ABFD3246A5
:10912000059B00F0C1FACDE90510424653461046B2
:10913000194600F09FFD0022B24B02910A9000F008
:10914000B3FADDE9053200F0AFFA0E464246AD4B08
:10915000404600F0B5FF029B0A9A00F0B1FFDDE93E
:10916000053200F0BBFE424602910A90334610469B
:10917000514600F07FFDCDE906015346149A02994D
:109180000A9800F077FD8A460290334642460099DD
:10919000049800F06FFD5346029A00F085FA82466B
:1091A0000B4602460591DDE9060100F07DFADDE996
:1091B000062300208846064600F082FF5246059BA3
:1091C00000F08CFE824609914FF060428E4B304693
:1091D000414600F04FFD049006918C4A8A4B504660
:1091E000099900F047FD82460291894A894B304631
:1091F000414600F03FFD5246029B00F055FA864B77
:109200007B440D9A03EBC203D3E9002300F04CFA30
:109210000E900791019800F0C6FC0591DDE9061358
:1092200082460E9A049800F03FFA7C4A7A440D9BDD
:1092300002EBC303D3E900230093029200F034FA57
:109240005246059B00F030FA0026884652463046CA
:10925000059B00F035FF009B029A00F031FF069B52
:10926000049A00F02DFF079B0E9A00F037FE02468D
:1092700000200B4602903846294600F0FBFC82464F
:1092800001912B4638461946029A00F019FF3246E2
:10929000434600F0EFFC5246019B00F005FA0746FA
:1092A0008A46324643462946029800F0E3FC0546CA
:1092B0000E463A46534600F0F7F9594A884691421D
:1092C00021DBA8EB020353EA000210D12A46334601
:1092D00000F0F6FECDE90401524A534B38465146A0
:1092E00000F0E2F9DDE9042300F0C2FD21D2022002
:1092F000F7F7C5F8FEF753FC0A46214618B062F3AB
:109300001E01BDE8F08D494B28F000429A4210D36F
:10931000474A08EB020353EA00027FF4C6AD2A462F
:10932000334600F0CDFE3A46534600F0A1FD7FF6ED
:10933000BCAD0022019228F000403E493E4A01EBBC
:109340002051824223DA481C4FF4801121FA00F0A8
:1093500040443A4AC0F30A517A44394BA1F2FF31F2
:10936000CB4020EA0303C0F3130040F48010C1F1A6
:109370001401C84012680190B8F1000FBCBF404210
:1093800001902846314600F09BFE05460E462A46CF
:1093900033463846514600F087F94FF00008424600
:1093A000284B4046059100F065FCCDE90601264AB0
:1093B000264B4046059900F05DFC009102902A463C
:1093C00033464046059900F07BFE3A46534600F08E
:1093D00085FD1F4A1F4B00F04DFC009B029A00F0D8
:1093E00063F90746884602460B4635E08E9803002F
:1093F0007AB60B007E2700000000F03FB627000081
:10940000E42600000000084009C7EE3FFD033ADCF7
:10941000F5015B14E02F3EBEBC2500008025000056
:1094200000009040FE822B654715973C00CC904091
:1094300000346F3F01FCFFFF0000E03FCC24000040
:10944000FFFF0F00432EE63F396CA80C615C20BE85
:10945000EF39FAFE422EE63FDDE9060100F024F97D
:10946000DDE9062305460E4600F02AFE3A4643464D
:1094700000F034FD0F462A46334600901046194648
:1094800000F0F8FB824602462E4888460B4605212E
:109490007844FEF7DDF95246434600F0EBFB2A46DE
:1094A000334600F01BFD80468A463B46284631463F
:1094B000009A00F0DFFB3B46009A00F0F5F80691B9
:1094C000009000224FF080434046514600F0F8FDE6
:1094D0000F460C90424653462846314600F0CAFBE0
:1094E0003B460C9A00F09CF9069B009A00F0E8FDC0
:1094F0002A46334600F0E4FD0022134B00F0EEFC58
:10950000054601980E4601EB00510815002810DCB5
:1095100028463146019A01F06AFAFDF7B1FF0428A6
:1095200008BFFEF743FB28463146019A01F05FFA77
:1095300005460B4618B02A4658462146BDE8F04D70
:1095400000F098BB6C2300000000F03F2DE9F041D3
:1095500006460F4600F0CEFC041E0D4618BF012043
:10956000284320F00040C0F17F6000F1E040C00FD0
:109570000ED0301C18BF0120384320F00040C0F14D
:109580007F6000F1E040C00F04BF0120F6F777FFD5
:1095900020462946BDE8F08110B5164B21F0004267
:1095A000012486B09A4203DC0022134600941CE09A
:1095B000114B9A4208D140B94FF00100F6F75FFF16
:1095C000FEF7E7FA06B010BD03DBFEF7DDFA06B0E2
:1095D00010BD02AAFDF778FF00F00100A4EB4000E7
:1095E0000DF1080C00909CE80F00FEF787F906B01B
:1095F00010BD0000FB21E93F0000F07F70B514466C
:109600000D46064601F010F801D2284670BD2146ED
:10961000304601F009F901D2204670BD304670BDD8
:10962000884201DA084670479042FCDD10467047D8
:1096300003490860081F01684906FCD5704700000F
:109640000438014021F00042A2F16052B2F5801FBF
:1096500001F0004328BFD2F17F6C0BD95FEA001CF8
:1096600043EAC20242EB507018BF704728BF20F097
:1096700001007047B2F5801FBCBF184670474FEA23
:10968000410C1CF5001F02D2084601F0C8B870B5A5
:1096900000F09AFB00000089FFF7F6BF4FF0004092
:1096A000A0F580007047000010B591EA030F48BF95
:1096B00083F0004300F10C85841A71EB030C05D292
:1096C000121943EB0C03001B61EB0C01DFF824E1E2
:1096D0004FEA1154A4EB135C1EEA430F18BF9EEA35
:1096E000445F73D023EA0E03DCF1200E21EA04511B
:1096F00043F4801332D322FA0CFE10EB0E0023FA4F
:109700000CFE41EB0E01CCF1200E03FA0EFE10EB25
:109710000E0051F10001B1F5801FCCF1200E32D2C4
:1097200001EB045112FA0EF2BDE8104058BF704729
:10973000401C38BF5FEA420218BF7047002814BFC0
:1097400020F0010041F100014FEA410313F5001F31
:1097500038BF7047A1F1C04100F084BB012A43EB40
:109760000302ACF1200CDCF11F0E32BF4FF0000EF3
:1097700023FA0CF310EB030041EB0451B4EB115F3F
:10978000D0D0A1EB045101F5801149085FEA300007
:1097900001EB04510ED350F1000038BF12FA0EFE57
:1097A00008D1BDE81040C9E7401C38BF5FEA42025B
:1097B000CAD1C3E7BDE810404FEA410313F5001FCB
:1097C00038BF7047A1F1C04100F04CBB9EEA445F36
:1097D00008D011EA5E0FBDE8104004BF01F000415F
:1097E00000207047BDE8104070B500F0EDFA00BFF2
:1097F00064FBBE3E0000E0FF02494FF0000001F0B4
:10980000C4B800BF0000F87F491058BFC1F1404103
:109810005B1058BFC3F140438B42EFF300807047A9
:109820002DE9C04130B4DFF8A0C23CEA111418BFE2
:109830003CEA131400F0EC8081EA03051CEA1114E1
:1098400044EAD57418BF1CEA131500F0C780A4EBD6
:1098500005044FF0004545EAC12145EAC32341EA2A
:10986000505143EA525304F17F74994204F5003495
:109870004FEAC0204FEAC22208BF904200F09C800D
:109880004FEA13650FF24016765D4FEA134506FB6B
:1098900005F7C7F1807706FB07F74FEAD737A7FB35
:1098A00003687642C8F58038A7FB06CE38BFA8F11A
:1098B000010807FB08E64FF0000EA6FB028CE6FB52
:1098C00003CEDCF1000CCEF1004E38BFAEF1010E3C
:1098D000A6FB0C584FF000074FF00005E6FB0E8783
:1098E000A1FB08C6A0FB07CE16EB0E0645F100054E
:1098F000E1FB076515F1E04E7EBFA4F580345FEA19
:1099000046066D4116F1800745F100054FEA17271D
:109910004FEA066647EA0567A6F1DE46B6F1805FC4
:109920004FEA15251FD9384624F0010C05EBC47108
:10993000BCF1FE6F01EB0C1102D8F0BCBDE8008158
:1099400024425CBF01F5801E9EEAC47F02D4F0BCB5
:10995000BDE80081244238D4F0BCA1F1C041BDE88B
:10996000004100F07FBA4FEAD22242EA43524FEA66
:10997000D323A7FB02864FEAD02040EA415007FBE1
:1099800003661EEA0E0F4FEAD12105FB026658BF9F
:10999000A6EB0056B6EB00564FEA520E4EEAC37ED7
:1099A00018EB0E0E56EB530EBDD518EB02085E41B8
:1099B0007F1C55F10005B6E74FF480154FF0000706
:1099C0004FF000064FF00008ADE7F0BC4FF000008C
:1099D00001F1C04101F00041BDE8008111EA0C1F16
:1099E0000CEA131500D00CE013EA0C1F00F02580E0
:1099F0004FF00000F0BC81EA030101F00041BDE836
:109A00000081F0BCBDE8004181EA030100F02ABA00
:109A1000F0BCBDE8004170B500F0D6F9097EFC3E0F
:109A200000F007B881EA03014FF0000001F00041A7
:109A3000704781EA030100F015BAF0BCBDE80041AF
:109A40004FF0000021497047FFFDFBF9F7F5F4F2F4
:109A5000F0EEEDEBE9E8E6E4E3E1E0DEDDDBDAD8C9
:109A6000D7D5D4D3D1D0CFCDCCCBCAC8C7C6C5C427
:109A7000C2C1C0BFBEBDBCBBBAB9B8B7B6B5B4B33E
:109A8000B2B1B0AFAEADACABAAA9A8A8A7A6A5A429
:109A9000A3A3A2A1A09F9F9E9D9C9C9B9A999998ED
:109AA0009797969595949393929191908F8F8E8E90
:109AB0008D8C8C8B8B8A898988888787868585841D
:109AC00084838382828181800000FF070000F87F09
:109AD00051EA030C17D41CF5801F58BFBCF5801F3A
:109AE00000F10680994218BF704708BF9042704746
:109AF00007D711F5801F58BF13F5801F19D499425D
:109B00007047894270471CF5801F08D5BCF5801F3F
:109B1000F7D58B4218BF704708BF824270474FF499
:109B2000001C1CEB410F38BF1CEB430F01D28B42D2
:109B3000704770B500F048F9922449004FF0005189
:109B40004FF08053FFF760BE4FEA41034FEA535393
:109B5000A3F58063D3F11E03C8BFD3F1210C0CDD44
:109B60004FF0004242EAC12242EA505232FA03FC6C
:109B70008CEAE17CACEBE1707047102BC4BF002095
:109B8000704703F5787CBCF1FF3F04D06FF00042D2
:109B900082EA2100704770B500F016F949922480DE
:109BA00000207047F2E710F0004248BF4042B0FA90
:109BB00080F310FA03F10AD0C3F11D0303F58063AB
:109BC0004FEA415002EB035202EBD12170474FF0B4
:109BD00000007047B0FA80F310FA03F10AD0C3F125
:109BE0001D0303F580634FEA41504FEA035202EB35
:109BF000D12170474FF000007047000051EA030C7C
:109C000017D41CF5801F58BFBCF5801F00F10680DB
:109C1000994218BF704708BF9042704707D711F5A7
:109C2000801F58BF13F5801F19D49942704789428D
:109C300070471CF5801F08D5BCF5801FF7D58B42F7
:109C400018BF704708BF824270474FF4001C1CEBDE
:109C5000410F38BF1CEB430F01D28B42704770B5E8
:109C600000F0B2F8922449004FF000514FF08053B9
:109C7000FFF7CABDDFF848C170B51CEA111E1EBF50
:109C80001CEA13159EEA0C0F95EA0C0F00F06F808A
:109C900081EA030423EA4C134EEAD47E21EA4C11F4
:109CA00041F4801143F48013AE44A1FB024CA0FBAD
:109CB0000365AEF17F7E361955EB0C05A1FB034C15
:109CC0004CF10003A0FB021C16EB0C06654153F19E
:109CD0000003094218BF46F0010613F4007F0BD1C0
:109CE0004FEA03314FEA0530340341EA155140EAA7
:109CF00016506FF003020AE04FEAC3214FEAC52075
:109D0000F40241EA555140EA56506FF0020202EB6C
:109D10002E4201EB025585EACE710AD05FEA440C6F
:109D200018BF24F0004450F1000041F1000120EA86
:109D3000D47040F2FE7C624500D270BDA84214BFD0
:109D40004FF080444FF04044002E08BF0024BEF185
:109D5000806FA8BFA1F1C041BDE8704080F2828051
:109D60004FF0000001F1C04101F0004170479EEA50
:109D70000C0F0CEA131518BF95EA0C0F06D04FF024
:109D8000000081EA030E0EF0004170BD00F01CF8E7
:109D90008900013E00F007B800F009B84FEA430C13
:109DA0005FEA5C5C08D081EA030100F05BB84FEA2F
:109DB000410C5FEA5C5CF6D14FF00000014970474E
:109DC0000000FF070000F87F0EF1020E2EF0030ED8
:109DD0005EF8046B364205D4012A43EB030515F502
:109DE000001F12D8012841EB010C1CF5001F0CD8F4
:109DF0000ED14FEAD17C15F5001F0CEB4C0C0CF189
:109E0000020C08BF4CEBD37C04E04FF0080C01E0DF
:109E10004FEAD37C0CEB4C0526FA05F606F0070654
:109E2000B6F1040C06D20EEB860CBDE870404CF087
:109E3000010C6047DFE80CF0090B02024FF0004113
:109E40004FF00000A1F5002170BD19461046012811
:109E500051EB010418BFD4F5001484BF002001F0B9
:109E6000004170BD0808A0F500114FEA31017047AC
:109E700053EA010C17D41CF5801F58BFBCF5801F96
:109E800000F106808B4218BF704708BF82427047BE
:109E900007D713F5801F58BF11F5801F19D48B42C7
:109EA00070479B4270471CF5801F08D5BCF5801F8A
:109EB000F7D5994218BF704708BF904270474FF4DA
:109EC000001C1CEB430F38BF1CEB410F01D2994221
:109ED00070470FB40CBC03BCFFF7C1BE91EA030F7F
:109EE00010B581F000413FF5E7AB83F0004300F08F
:109EF000EFB800002DE9F04101F5801CBCF5001F12
:109F0000C0F2C3804FEA115C21EA0C510CF1FD0C48
:109F100041F480115FEA5C0C0CF5C07C01D3400079
:109F200049413DA4890241EA905187028E0E0A0CF4
:109F3000A45D04FB04F602FB06F6C6F14046A4FB52
:109F40000662F60D46EA422606FB06F4A4FB012350
:109F50005242C3F1404338BF5B1EA6FB02420024BD
:109F6000E6FB0324D20B42EA4446A6FB0623A1FBF0
:109F700002E2A3FB07E4A4184FF0000252F1000232
:109F8000E3FB01426442C2F1404E38BFAEF1010E24
:109F9000A6FB04234FF00002E6FB0E32A2FB0346B1
:109FA0004FF00004B61954F10004E2FB0264A1FB77
:109FB00006E6A4FB07E816EB08064FF0000858F188
:109FC0000008E4FB01687642C8F1405838BFA8F1A8
:109FD0000108A2FB06E4A3FB08E52D194FF00004DD
:109FE00054F10004E2FB0854A1FB05E6A7FB04E8DA
:109FF00018EB06084FF0000656F10006E1FB048658
:10A0000018F1200556F10006A809A8F11B08B109AE
:10A0100008F03F08B8F10A0F40EA86601CD901EB4E
:10A020000C51BDE8F08100BFFCF5EEE8E2DDD8D3CD
:10A03000CFCBC7C3C0BDB9B6B4B1AEACA9A7A5A3B9
:10A04000A19F9D9B9A9896959392908F8D8C8B89CA
:10A050008887868584838281A0FB006800FB01F2EB
:10A0600008EB4208B8EB872807D5341858EB0104F1
:10A07000D5D5401C51F10001D1E7341A78EB010429
:10A08000CDD4401E71F10001C9E75FEA4C0C5FEAD4
:10A090009C5C0DD105D34FF0000001F00041BDE8FC
:10A0A000F081BDE8F04170B5FFF78EFE6DDBFFBEBD
:10A0B000BDE8F0414FF00000004970470000F87F14
:10A0C00010B591EA030F48BF83F000433FF5F4AAAF
:10A0D000841A71EB030C07D212198CF0004C43EB7D
:10A0E0000C03001B61EB0C01DFF8A4E14FEA1154F3
:10A0F000A4EB135C1EEA430F18BF9EEA445F00F016
:10A10000B08023EA6E03524221EA0451C3EB6E038E
:10A1100038BF5B1EDCF1200E25D322FA0CFE10EBBB
:10A120000E0043FA0CFE41EB0E01CCF1200E03FAB7
:10A130000EFE10EB0E0051F10001CCF1200E29D4DF
:10A1400012FA0EF201EB0451BDE8104058BF7047FF
:10A15000401C1CBFB2F1004F704700280CBF491CC7
:10A1600020F00100704712EB020E43EB030218BF10
:10A170004FF0010E4EEA4202ACF1200CDCF11E0E53
:10A1800054D943FA0CFE10EB0E0051F1FF31CCF123
:10A190001E0ED5D50EF1010E12FA0EFE404141EB16
:10A1A000010101EB445C5FEA5C5C10D910EBDE70EE
:10A1B00001EB045138BFBEF1004FBDE8104018BF9D
:10A1C000704700280CBF491C20F00100704730D2B6
:10A1D0004FEAD42C11F5001124F400641BD0B1FA1D
:10A1E00081F20B3AA41AA41ED2F12003914030FA56
:10A1F00003F31943904001EBCC71002C01EB0451A7
:10A20000BDE81040A8BF704701F1C0414FF0000009
:10A2100001F000417047B0FA80F310FA03F100D169
:10A2200010BDE41A173C4805C90AE4E701EB0451E4
:10A2300010BD491001EB0451BDE810404FEA300059
:10A2400002E04FF0000170474A0008BF0042F8D01A
:10A25000B2F5001F28BF704701F000414FF0000029
:10A2600070479EEA445F07D011EA5E0FBDE81040D8
:10A2700004BF002100207047BDE8104070B5FFF713
:10A28000A3FD00BF40DFF63E83F00041104670475B
:10A290000000E0FF43004FEAD30C4FEA3C0C434080
:10A2A0001FBF40070CF1605113F0FE4F70471CF0C8
:10A2B000006F03D100200CF0004170470CF0004308
:10A2C00043EA507010B540EACC0000F062FA00BFDB
:10A2D000000000924FEA0001FFF7C4BD4FF00041BB
:10A2E0004FF00000A1F500217047000090EA010F37
:10A2F00048BF81F0004100F1DA82421A3CBF801A67
:10A3000089184FEAD0524FF07F4C1CEA410FA2EB64
:10A31000D15318BF9CEA026F00F03B804FF0004C15
:10A320004CEA00204CEA012121FA03FC10EB0C0C52
:10A330001ED202F1FF325FEA1C2040EBC25038BF50
:10A3400070471CF07F0F4FEA400C18BFBCF17F4FE5
:10A3500038BF7047C3F12003994008BF20F00100C7
:10A36000BCF17F4F38BF7047A0F1C04000F057BA32
:10A370004FEA3C00000A40EBC25028BF1CF0FF0F20
:10A380004FEA400CE6D018BFBCF17F4F38BF704792
:10A39000EAE79CEA026F05D010EA5C0F08BF00F004
:10A3A0000040704710B500F0F4F900BF64FBBE3EFA
:10A3B000014800F0EABA00BF0000C07F401058BF5B
:10A3C000C0F14040491058BFC1F140418142EFF314
:10A3D000008070474FF47F0C1CEAD0121EBF1CEAAD
:10A3E000D11392EA0C0F93EA0C0F00F0858090EAEB
:10A3F000010F48BF42F4807240F4000C41F40000A9
:10A400002CF07F4120F07F4000B58142A2EB030297
:10A410000FF2081CACEB504EC0F100009EF800E0BB
:10A420004FEA4E0E00FB0EFC38BF49004FEA2C1CD1
:10A4300002F5FA020CFB0EF34FEACE1E4FEA112C86
:10A440004FEAC1210EEB635E42EB22420EFB0CFC95
:10A450004FEA1C5300FB03114FEA112C4FEA013164
:10A460000EFB0CFC4FEADC4C00FB0C11C14228BF78
:10A4700009184CEB03335DF804EB10EB410143EB9F
:10A48000C250B2F57C0F38BF704729D512F0F00FDB
:10A490001CBF00F1C04000F0004070470081828383
:10A4A0008485868788898B8C8D8E8F9192939596E3
:10A4B00097999A9C9D9FA0A2A3A5A7A8AAACAEB06D
:10A4C000B2B3B5B7B9BCBEC0C2C5C7C9CCCED1D472
:10A4D000D7D9DCDFE2E6E9ECF0F3F7FAFE000000A2
:10A4E0004FEA400C0CF1807CBCF17E4F28BF7047D6
:10A4F000B0F1C04000F093B990EA010F0CEAD1131B
:10A5000048BF42F48072624538BF634507D213F4F6
:10A510007F0F16D080EA010000F00040704710B5B0
:10A5200000F037F9097EFC3E00F005B880EA010032
:10A5300000F00040704780EA010000F0004000F0A9
:10A540006EB912F47F0F04BF0248704780EA010021
:10A5500000F065B90000C07F41000B0ED3F19E02F0
:10A5600008D950F400034FEA032323FA02F048BF4E
:10A570004042704710B500F00CF900BF49922480AA
:10A58000002070476FF0004282EA20007047000010
:10A59000C10DD1F19E0206DB4FEA002343F00043D8
:10A5A00023FA02F07047004207D54FEA4001B1F1AB
:10A5B000FE4F02D24FF00000704710B500F0E9F8EE
:10A5C00049922480002070476FEA20007047000005
:10A5D00010F0004148BF4042B0FA80F310FA03F295
:10A5E000C3F19D030BD051EAC35101EB1220530676
:10A5F00038BF704700F1010008BF20F0010070472C
:10A60000B0FA80F310FA03F2C3F19D030AD0D90522
:10A6100001EB1220530638BF704700F1010008BF5C
:10A6200020F001007047000050EA010C00F1138097
:10A630001CF5000F58BFBCF5000F01D488427047CD
:10A6400007D710F5000F58BF11F5000F15D4884239
:10A650007047894270471CF5000F04D5BCF5000F08
:10A66000F7D5814270474FF0807C1CEB400F38BF1C
:10A670001CEB410F01D28142704710B500F089F800
:10A68000922449004FF000504FF08051FFF796BEE2
:10A690004FF47F0C1CEAD0121EBF1CEAD11392EAC1
:10A6A0000C0F93EA0C0F00F0478090EA010F48BFAF
:10A6B00042F480724FF0004C4CEA00204CEA012139
:10A6C00002EB0302A0FB0113A2F50002002918BF50
:10A6D00043F001035B0028BF4FEA330342EB224201
:10A6E0005FEA132C4CEBC2502EBFBCEB436FB2F5AC
:10A6F0007C0F70474FEA036CBCF1004F08BF20F09D
:10A700000100B2F57C0F38BF70470BD582F0FF0215
:10A7100012F5803FC8BF704700F1C040D8BF00F0BD
:10A720000040704700F5000C5FEA4C0C48BF7047D2
:10A73000B0F1C04000F073B890EA010F0CEAD113F9
:10A7400048BF42F48072624538BF634504D280EA54
:10A75000010000F00040704710B500F01AF800BF8B
:10A760008900013E00F007B800F009B85FEA410C2B
:10A770005FEA1C6C08D080EA010000F050B85FEA84
:10A78000400C5FEA1C6CF6D14FF00040A0F5800051
:10A7900070470EF1020E2EF0030E5EF8044B2442B9
:10A7A00004D44FEA4102B2F17F4F11D84FEA40037F
:10A7B000B3F17F4F0CD80ED14FEAD07CB2F17F4F6E
:10A7C0000CEB4C0C0CF1020C08BF4CEBD17C04E000
:10A7D0004FF0080C01E04FEAD17C0CEB4C0324FA5B
:10A7E00003F404F00704B4F1040C06D20EEB840C5D
:10A7F000BDE810404CF0010C6047DFE80CF00708A2
:10A8000002024FF00040A0F5800010BD0846420053
:10A8100018BFD2F1807288BF00F0004010BDFF2148
:10A8200041EAD050C005704751EA000C00F1138096
:10A830001CF5000F58BFBCF5000F01D481427047D2
:10A8400007D711F5000F58BF10F5000F15D481423E
:10A850007047894270471CF5000F04D5BCF5000F06
:10A86000F7D5884270474FF0807C1CEB410F38BF12
:10A870001CEB400F01D28842704780EA010081EA58
:10A88000000180EA0100FFF7F8BE80F0004090EA86
:10A89000010F7FF532AD81F0004100F008B80000F3
:10A8A00090EA010F48BF81F000413FF526AD421A02
:10A8B00004D882F00042A0EB020011444FEAD052CB
:10A8C0004FF07F4C1CEA410FA2EBD15318BF9CEA1A
:10A8D000026F4AD04FF0004C4CEA00204CEA0121B4
:10A8E00021FA03FCB0EB0C0C0FD412F0FE0F36D0A3
:10A8F0005FEA4C001DD5001240EBC25038BF7047D4
:10A900001CF03F0F18BF70470BE0A2F101025FEA95
:10A910001C2040EBC25038BF70471CF07F0F18BF9F
:10A920007047C3F12003994014BF401E20F001007E
:10A93000704780084FEA122308BF7047B0FA80FCC6
:10A94000A2EB0C02CCF1280C60FA0CF093EA122F67
:10A9500004BF00EBC25070474FEAC3707047130A40
:10A960005FEADC1008BF7047F6E79CEA026F04D08C
:10A9700010EA5C0F08BF0020704710B5FFF709FF11
:10A9800040DFF63E81F0004070470CF00F03092BCA
:10A9900008BF082000F07F800A2B0BD0082B18BFBF
:10A9A000704708BF1CF0400F0AD04FF000004FF076
:10A9B000000170471CF0400F18BF4FF00040704777
:10A9C0001CF0100F08D020F0704300F07F4242EAE4
:10A9D000D3014FEA4370704700F0604021F07F429E
:10A9E00042EA000201F07F4040EA727070474FF087
:10A9F000FF0C4CF4E06C1CEA11531CBF9CEA030CE6
:10AA00009445C2BFDA4201EB02517047002B0DD0D2
:10AA1000BCF1000F0FD0002A01F00041A4BF41F0AB
:10AA2000E04141F07F614FF00000704701F00041CC
:10AA30004FF00000704750EA01334FF09B0C18BFF5
:10AA40004CF0806C7EF4D8AE70474FF0FF0212EAF3
:10AA5000D0521CBF92F0FF038B42C2BFD14200EB29
:10AA6000C1507047002A0AD0002B0BD0002900F0FB
:10AA70000040A4BF40F0FE4040F40000704700F0EA
:10AA80000040704743024FF00B0C18BF4CF0806C35
:10AA90007FF48EAC70471CF4801F11D01CF4E02FA3
:10AAA00003D06FEACC31490070474FF04050EFF3CC
:10AAB000008222F0704242EA000282F3008870476E
:10AAC0004FF000007047000000000000000001028D
:10AAD0000304060708090000000001020304000047
:10AAE00000000000000000000000000000003F40E7
:10AAF0000000000000000000300040003000400076
:10AB0000000009000BC03D000BC03D00090018C04B
:10AB100024407FE0224031800000180024C01B0048
:10AB20000D803240018003801C4027401C8007407C
:10AB30000040100060000000000000000000000065
:10AB4000000000001F8020404020000040202040E6
:10AB50001F8000000000090006001F800600090099
:10AB60000000040004003F80040004000000001006
:10AB70000060000000000000000004000400040069
:10AB8000040004000000000000400000000000007D
:10AB90000000002001C006003800400000001F80B7
:10ABA0002040204020401F800000000010403FC097
:10ABB00000400000000018C02140224024401840FE
:10ABC000000010802040244024401B800000020030
:10ABD0000D0011003FC0014000003C802440244093
:10ABE0002440238000001F80244024403440038000
:10ABF00000003000200027C03800200000001B802B
:10AC00002440244024401B8000001C0022C022401D
:10AC100022401F80000000000000084000000000EB
:10AC200000000000000004600000000000000000C0
:10AC300004000A00110020804040090009000900BA
:10AC400009000900000000004040208011000A00B7
:10AC500004001800200023402400180000001F807A
:10AC60002040274029401F400000004007C0390015
:10AC70000F0001C0004020403FC0244024401B8002
:10AC800000001F80204020402040308000002040F5
:10AC90003FC0204020401F80000020403FC0244093
:10ACA0002E4030C0000020403FC024402E00300025
:10ACB00000000F001080204022403380020020401E
:10ACC0003FC0040004003FC02040204020403FC05F
:10ACD0002040204000000060202020203FC02000B5
:10ACE000200020403FC024400B0030C020402040C6
:10ACF0003FC020400040004000C03FC03C0003C0B7
:10AD00003C003FC0000020403FC00C4023003FC03B
:10AD100020001F802040204020401F800000204055
:10AD20003FC024402400180000001F802140214023
:10AD300020E01FA0000020403FC02440260019C092
:10AD4000004018C0244024402240318000003000E0
:10AD500020403FC020403000000020003F800040E5
:10AD600000403F80200020003E0001C00700380066
:10AD70002000380007C03C0007C038000000204019
:10AD800039C0060039C0204000002000384007C00C
:10AD9000384020000000304021C02640384020C00C
:10ADA0000000000000007FE0402040200000000084
:10ADB00070000C0003800040000000004020402094
:10ADC0007FE00000000000002000400020000000A4
:10ADD0000000001000100010001000100010000013
:10ADE000000040000000000000000000028005405C
:10ADF000054003C0004020003FC0044004400380E1
:10AE000000000000038004400440064000000000F1
:10AE10000380044024403FC0004000000380054000
:10AE2000054003400000000004401FC024402440AF
:10AE30002000000002E0055005500650042020408C
:10AE40003FC00440040003C000400000044027C08D
:10AE500000400000000000100010041027E0000077
:10AE6000000020403FC00140070004C004402040D3
:10AE700020403FC000400040000007C0040007C061
:10AE8000040003C00000044007C00440040003C0E5
:10AE900000400000038004400440038000000410D0
:10AEA00007F00450044003800000000003800440C9
:10AEB000045007F00010044007C0024004000400E2
:10AEC0000000000006400540054004C000000000EE
:10AED00004001F8004400040000004000780004080
:10AEE000044007C000400400070004C001800600C1
:10AEF0000400060001C0070001C006000000044075
:10AF000006C0010006C0044000000410071004E061
:10AF10000180060004000000044005C00640044013
:10AF200000000000000004007BE040200000000062
:10AF300000000000FFF000000000000040207BE067
:10AF400004000000000040008000400020002000BD
:10AF500040000000000000000000000000000000B1
:10AF600000000000000000001FCC000C00000000EA
:10AF700000000000080030006000080030006000A1
:10AF80000000022003FC1E20022003FC1E200220E1
:10AF9000000000000E1811043FFF10840C78000020
:10AFA00000000F0010840F3800C007781884007864
:10AFB000000000780F8410C411240E9800E400846F
:10AFC0000008080068007000000000000000000099
:10AFD000000000000000000007E0181820044002F4
:10AFE0000000000040022004181807E000000000E4
:10AFF00000000240024001800FF001800240024048
:10B0000000000080008000800FF800800080008039
:10B0100000000001000D000E000000000000000014
:10B020000000000000800080008000800080008020
:10B0300000800000000C000C000000000000000078
:10B0400000000000000600180060018006001800E3
:10B050002000000007F0080810041004080807F09A
:10B0600000000000080408041FFC000400040000A5
:10B07000000000000E0C10141024104411840E0C5B
:10B08000000000000C1810041104110412880C7048
:10B090000000000000E00320042408241FFC00241A
:10B0A000000000001F981084110411041088107013
:10B0B0000000000007F008881104110418880070CF
:10B0C000000000001C00100010FC13001C00100009
:10B0D000000000000E3811441084108411440E3812
:10B0E000000000000700088C10441044088807F096
:10B0F0000000000000000000030C030C0000000032
:10B100000000000000000001010600000000000037
:10B110000000000000800140022004100808100414
:10B120000000022002200220022002200220022031
:10B1300000000000100408080410022001400080F4
:10B14000000000000E001200100C106C10800F00A8
:10B15000000003E00C1813E4142417C4082807D0D7
:10B1600000000004003C03C41C40074000E4001C35
:10B17000000410041FFC1104110411040E88007057
:10B18000000003E00C1810041004100410081C1038
:10B19000000010041FFC100410041004080807F03D
:10B1A000000010041FFC1104110417C41004081837
:10B1B000000010041FFC1104110017C0100008004B
:10B1C000000003E00C181004100410441C78004028
:10B1D000000010041FFC10840080008010841FFCFD
:10B1E00010040000100410041FFC100410040000E0
:10B1F000000000030001100110011FFE10001000EC
:10B20000000010041FFC110403801464181C1004B7
:10B21000000010041FFC1004000400040004000CD3
:10B22000000010041FFC1F0000FC1F001FFC100486
:10B23000000010041FFC0C04030000E010181FFCA9
:10B24000100007F00808100410041004080807F0A4
:10B25000000010041FFC10841080108010800F006C
:10B26000000007F0081810241024101C080A07F228
:10B27000000010041FFC1104110011C011300E0C4D
:10B28000000400000E1C11041084108410441C38AB
:10B2900000001800100010041FFC1004100018001B
:10B2A000000010001FF810040004000410041FF830
:10B2B000100010001E0011E0001C007013801C0024
:10B2C00010001FC0103C00E01F0000E0103C1FC039
:10B2D00000001004180C163401C001C01634180CFC
:10B2E000100410001C00130400FC13041C001000C8
:10B2F00000000804101C1064108413041C041018AF
:10B3000000000000000000007FFE400240024002FA
:10B310000000000030000C0003800060001C0003EF
:10B32000000000004002400240027FFE00000000DA
:10B33000000000000000200040004000400020000D
:10B3400000000001000100010001000100010001F6
:10B35000000100004000400020000000000000004C
:10B36000000000000098012401440144014400FC55
:10B37000000410001FFC0088010401040088007014
:10B38000000000000070008801040104010400882E
:10B3900000000000007000880104010411081FFC77
:10B3A0000004000000F8014401440144014400C8C5
:10B3B00000000000010401040FFC1104110411003D
:10B3C0001800000000D601290129012901C9010640
:10B3D000000010041FFC008401000100010400FCB7
:10B3E000000400000104190419FC0004000400001A
:10B3F00000000000000300010101190119FE000016
:10B40000000010041FFC0024004001B4010C0104E2
:10B4100000000000100410041FFC000400040000E1
:10B420000000010401FC0104010001FC0104010011
:10B4300000FC010401FC008401000100010400FC87
:10B440000004000000F8010401040104010400F8F4
:10B450000000010101FF0085010401040088007063
:10B46000000000000070008801040104010501FFD4
:10B4700000010104010401FC0084010401000180B9
:10B480000000000000CC01240124012401240198C3
:10B49000000000000100010007F8010401040000A1
:10B4A0000000010001F8000400040004010801FC90
:10B4B0000004010001800170000C00100160018097
:10B4C000010001F0010C003001C00030010C01F05E
:10B4D000010000000104018C00740170018C010462
:10B4E0000000010101810171000E0018016001805E
:10B4F000010000000184010C013401440184010CAD
:10B500000000000000000000000001003EFC4002BE
:10B5100040020000000000000000FFFF00000000EB
:10B5200000000000400240023EFC0100000000005C
:10B53000000000006000800080004000400020000B
:10B540002000004D9AD77934E3AEF2BF68258BC650
:10B55000115CA9E4337ED09D4A075B16C18C226F33
:10B56000B8F51F5285C8662BFCB1EDA0773A94D987
:10B570000E43B6FB2C61CF8255184409DE933D7013
:10B58000A7EA3E73A4E9470ADD90CC81561BB5F8C3
:10B590002F6297DA0D40EEA374396528FFB21C5173
:10B5A00086CB216CBBF65815C28FD39E4904AAE7FF
:10B5B000307D88C5125FF1BC6B267A37E0AD034E53
:10B5C00099D47C31E6AB05489FD28EC31459F7BAA3
:10B5D0006D20D5984F02ACE1367B276ABDF05E1333
:10B5E000C489632EF9B41A5780CD91DC0B46E8A5C7
:10B5F000723FCA87501DB3FE29643875A2EF410C13
:10B60000DB96420FD8953B76A1ECB0FD2A67C98442
:10B61000531EEBA6713C92DF0845195483CE602D72
:10B62000FAB75D10C78A2469BEF3AFE23578D69BBE
:10B630004C01F4B96E238DC0175A064B9CD17F3252
:10B64000E5A86800000476005401F7FD00017519B3
:10B650001A0C6A231B1C1F207274433B4138393A71
:10B660006B6C376F06246D6E700000008300000065
:10B670000008000000010018320005000000204111
:10B680000000D242295C0F3E9A99993E3333733FB2
:10B69000295C0F3E010202030405060708090A0B94
:10B6A0000C0D0E0F10100102020304050607080915
:10B6B0000A0B0C0D0E0F1010555555555555C53F1D
:10B6C0007D6FEB0312D6D4BF5544880E55C1C93FD8
:10B6D0003B8F68B52882A4BF88B20175E0EF493F6F
:10B6E00009F7FD0DE13D023F4B2D8A1C273A03C0AF
:10B6F000C88A599CE52A004059018D1B6C06E6BF9B
:10B7000082922EB1C5B8B33F4FBB610567ACDD3F38
:10B71000182D4454FB21E93F9BF681D20B73EF3F78
:10B72000182D4454FB21F93FE2652F227F2B7A3CF0
:10B73000075C143326A6813CBDCBF07A8807703CA9
:10B74000075C143326A6913CC4EB98999999C9BF1C
:10B75000711623FEC671BCBF6D9A74AFF2B0B3BF51
:10B760009AFDDE522DDEADBF2F6C6A2C44B4A2BF11
:10B770000D5555555555D53FFF8300922449C23F7D
:10B780006E204CC5CD45B73F513DD0A0660DB13FB1
:10B79000EB0D76244B7BA93F11DA22E33AAD903FC3
:10B7A000000000000000F03F000000000000F83F33
:10B7B00000000000000000000000004003B8E23F6D
:10B7C000000000000000000006D0CF43EBFD4C3E1F
:10B7D000033333333333E33FFFAB6FDBB66DDB3F14
:10B7E0004D268F515555D53F01411DA96074D13F5C
:10B7F00065DBC9934A86CD3FEF4E454A287ECA3F56
:10B800003E5555555555C53F93BDBE166CC166BFD7
:10B810002CDE25AF6A56113FF16BD2C541BDBBBED0
:10B82000D0A4BE726937663E000000000000000030
:10B8300000004054FB21F93F3163621A61B4D03DEE
:10B840000000601A61B4D03D7370032E8A19A33BC7
:10B850000000002E8A19A33BC14920259A837B3919
:10B8600000000000000000006E83F9A22915444E7C
:10B87000D15727FCC0DD34F5999562DB4190433CFC
:10B88000AB6351FE61C5BBDE3A6E24B7E0D24D42D8
:10B89000EA2E49061C92D1091CEB1DFE3EA729B1D8
:10B8A000F53582E88444BB2E26709CE9417E5FB466
:10B8B00039D69139F43953838B5F849C3B28F9BD89
:10B8C000FF97F81F0F9805DE8B112FEF1F6D0A5A97
:10B8D000CF7E366DB709CB27663F464F2DEA5F9E78
:10B8E000C7BA27757BF1E5EBF739073DEA92528A33
:10B8F000B15FFB6B085D8D1F7AFE10111111C13F06
:10B9000037D60684F464963F280356C9226D6D3FEE
:10B910000165F2F2D844433FA69237A0887E143FD7
:10B92000735360DBCB75F3BEFE41B31BBAA1AB3FD3
:10B9300093846EE9E326823F1583E0FEC8DB573F20
:10B9400068108D1AF726303FE9A7F0320FB8123F82
:10B95000D47ABF74702AFB3E78B90008000000203A
:10B96000680300006C010008A8BA00086803002002
:10B97000E0230000C801000841022C01D324F40395
:10B980001A014212011202120312041205120612C7
:10B990000712081209120A120B120C120D120E12C3
:10B9A0000F8210021CC80322DC0529C02D9A999928
:10B9B0003E0401282958A904011E234843270C43AB
:10B9C00017B7513A280FF042ACC527375B94D939E5
:10B9D000AE0F7A440C6809BC74933C7F6ADC400C5F
:10B9E0003CFED4380C1815F0A22F3C5BD33C3D171D
:10B9F000B7D1388FC2753C2B18953C0C3809B86507
:10BA000019623C7DAE361828080AD7233CCDCCCC31
:10BA100018280A3838DBDC3A12DA823E3C253C83AF
:10BA2000863C2813404082A8FB3862BE3C39A48C77
:10BA3000B83A8FC2F53C10180DF7CC9239CDE932E7
:10BA40003D713D5A40942A3904180DBC572D3CF2E3
:10BA5000D285406F12033A4C3809393B704E3C6234
:10BA6000A1D65828095070B13C52B89E3E0C3808F7
:10BA7000CF6B6C3D725042183808DE02093DD5CFBD
:10BA80009B0C01720324803F5AFF043201134EB60F
:10BA90001B08420401201A6C240D6C0AD7A33BC476
:08BAA000290CC91029B4721031
:0400000508000131BD
:00000001FF
